game_id|game_name|game_info|game_size
10yard.zip|10-Yard Fight|61.2K - Sports/2p - (c)1985 Tecmo|62708
1941.zip|1941: Counter Attack|1.4M - Shoot 'em up/2p - (c)1990 Capcom|1420289
1942.zip|1942|104.3K - Shoot 'em up/2p - (c)1984 Capcom|106788
1943.zip|1943: The Battle of Midway|298.5K - Shoot 'em up/2p - (c)1987 Capcom|305674
1943kai.zip|1943 Kai|306.0K - Shoot 'em up/2p - (c)1988 Capcom|313346
1944u.zip|1944: The Loop Master|14.7M - Shoot 'em up/2p - (c)2000 Capcom|15448225
1945kiii.zip|1945k III|2.6M - Shoot 'em up/2p - (c)2000 Oriental Software|2746050
19xx.zip|19XX: The War Against Destiny|7.5M - Shoot 'em up/2p - (c)1995 Capcom|7838697
3stooges.zip|The Three Stooges (also known as The Three Stooges in Brides Is Brides)|71.6K - Action/3p - (c)1984 Mylstar|73365
3wonders.zip|Three Wonders|2.4M - Compilation/2p - (c)1991 Capcom|2479888
64street.zip|64th Street: A Detective Story|1.2M - Beat 'em up/2p - (c)1991 Jaleco|1294215
99lstwar.zip|'99: The Last War (also known as Son of Phoenix)|81.7K - Shoot 'em up/2p - (c)1985 Kyugo Boueki|83684
abcop.zip|A.B. Cop|1.5M - Racing/1p - (c)1989 Sega|1524019
aburner2.zip|After Burner II|1.5M - Flight simulator/1p - (c)1987 Sega|1547888
acrobatm.zip|Acrobat Mission|1.6M - Shoot 'em up/2p - (c)1991 UPL|1707530
actfancr.zip|Act-Fancer: Cybernetick Hyper Weapon|448.6K - Run and gun/2p - (c)1989 Data East|459404
aerofgt.zip|Aero Fighters (also known as Sonic Wings)|2.0M - Shoot 'em up/2p - (c)1992 McO'River|2083061
afighter.zip|Action Fighter|385.9K - Shoot 'em up/2p - (c)1986 Sega|395122
agalletu.zip|Air Gallet|7.0M - Shoot 'em up/2p - (c)1996 Banpresto|7359169
airass.zip|Air Assault (also known as Fire Barrel)|3.1M - Shoot 'em up/2p - (c)1993 Irem|3297750
airattck.zip|Air Attack|1,014.7K - Shoot 'em up/2p - (c)1996 Comad|1039041
airbustr.zip|Air Buster (also known as Aero Blasters)|677.7K - Shoot 'em up/2p - (c)1990 Namco|693968
ajax.zip|A-Jax (also known as Typhoon)|1.3M - Shoot 'em up/2p - (c)1987 Konami|1354003
alcon.zip|Alcon (also known as Slap Fight)|148.8K - Shoot 'em up/1p - (c)1986 Taito|152322
alexkidd.zip|Alex Kidd: The Lost Stars|297.5K - Platform/2p - (c)1986 Sega|304621
aliens.zip|Aliens|1.4M - Run and gun/2p - (c)1990 Konami|1506389
aliensyn.zip|Alien Syndrome|460.7K - Run and gun/2p - (c)1986 Sega|471744
aligator.zip|Alligator Hunt|8.4M - Rail shooter/2p - (c)1994 Gaelco|8822913
alphamis.zip|Alpha Mission (also known as ASO: Armored Scrum Object)|123.0K - Shoot 'em up/2p - (c)1985 SNK|125956
alpine.zip|Alpine Ski|27.6K - Sports/1p - (c)1982 Taito|28263
altbeast.zip|Altered Beast (also known as Juuouki)|829.6K - Beat 'em up/2p - (c)1988 Sega|849527
amidar.zip|Amidar|16.5K - Action/2p - (c)1981 Stern|16939
anteater.zip|Anteater|14.7K - Action/2p - (c)1982 Tago Electronics|15072
aquajack.zip|Aqua Jack|2.3M - Shoot 'em up/1p - (c)1990 Romstar|2426549
arabian.zip|Arabian|37.2K - Platform/2p - (c)1983 Atari|38129
arabianm.zip|Arabian Magic|4.2M - Beat 'em up/4p - (c)1992 Taito|4392341
arkanoid.zip|Arkanoid|70.5K - Action/2p - (c)1986 Taito|72162
arknoid2.zip|Arkanoid: Revenge of Doh|161.4K - Action/2p - (c)1987 Romstar|165319
armedf.zip|Formation Armed F|382.6K - Shoot 'em up/2p - (c)1988 Nichibutsu|391750
armwaru.zip|Armored Warriors (also known as Powered Gear)|14.8M - Beat 'em up/3p - (c)1994 Capcom|15566422
assault.zip|Assault|1.1M - Shoot 'em up/1p - (c)1988 Atari|1162163
astdelux.zip|Asteroids Deluxe|10.6K - Shoot 'em up/2p - (c)1981 Atari|10848
asterix.zip|Asterix|3.5M - Beat 'em up/2p - (c)1992 Konami|3669047
asteroid.zip|Asteroids|7.1K - Shoot 'em up/2p - (c)1979 Atari|7264
astorm.zip|Alien Storm|2.1M - Beat 'em up/3p - (c)1990 Sega|2157760
astyanax.zip|The Astyanax (also known as The Lord of King)|1.1M - Platform/2p - (c)1989 Jaleco|1101266
asurabld.zip|Asura Blade: Sword of Dynasty|8.5M - Fighting/2p - (c)1999 Fuuki|8929380
asurabus.zip|Asura Buster: Eternal Warriors|11.4M - Fighting/2p - (c)2000 Fuuki|11929096
atetris.zip|Tetris|52.2K - Puzzle/2p - (c)1989 Atari|53466
athena.zip|Athena|141.8K - Platform/2p - (c)1986 SNK|145206
atlantis.zip|Battle of Atlantis|12.6K - Shoot 'em up/2p - (c)1981 Comsoft/Game World|12897
aurail.zip|Aurail|1.3M - Shoot 'em up/2p - (c)1990 Sega|1351271
avengers.zip|Avengers|350.1K - Beat 'em up/2p - (c)1988 Capcom|358507
avengrgs.zip|Avengers in Galactic Storm|16.7M - Fighting/2p - (c)1996 Data East|17490659
avspirit.zip|Avenging Spirit (also known as Phantasm)|1.0M - Platform/2p - (c)1991 Jaleco|1060778
avspu.zip|Alien vs. Predator|10.0M - Beat 'em up/3p - (c)1994 Capcom|10447388
baddudes.zip|Bad Dudes vs. Dragon Ninja|445.1K - Beat 'em up/2p - (c)1988 Data East|455740
badlands.zip|Badlands|357.4K - Racing/3p - (c)1984 Konami|365958
bagman.zip|Bagman (also known as Le Bagnard)|22.7K - Platform/2p - (c)1982 Stern|23250
bakutotu.zip|Baraduke II: Bakutotsu Kijuutei|345.4K - Shoot 'em up/2p - (c)1988 Namco|353663
bankp.zip|Bank Panic|66.5K - Gallery shooter/2p - (c)1983 Sega|68081
baraduke.zip|Baraduke (also known as Alien Sector)|38.3K - Shoot 'em up/2p - (c)1985 Namco|39170
batcir.zip|Battle Circuit|10.8M - Beat 'em up/4p - (c)1997 Capcom|11310224
batman.zip|Batman|1.5M - Platform/1p - (c)1991 Atari|1619951
batrideru.zip|Armed Police Batrider|7.9M - Shoot 'em up/2p - (c)1998 Eighting/Raizing|8265925
batsugun.zip|Batsugun|2.3M - Shoot 'em up/2p - (c)1993 Toaplan|2409980
battlnts.zip|Battlantis|224.5K - Shoot 'em up/2p - (c)1987 Konami|229889
battroad.zip|The Battle-Road|69.2K - Vehicular combat/2p - (c)1984 Irem|70832
bbakraid.zip|Battle Bakraid|15.4M - Shoot 'em up/2p - (c)1999 Eighting/Raizing|16165731
bbmanw.zip|Bomberman World|526.9K - Puzzle/4p - (c)1992 Irem|539577
bbros.zip|Buster Bros. (also known as Pang)|411.6K - Action/2p - (c)1989 Capcom|421485
bbusters.zip|Beast Busters|2.2M - Gallery shooter/3p - (c)1990 SNK|2351051
bchopper.zip|Battle Chopper (also known as Mr. Heli)|611.0K - Shoot 'em up/2p - (c)1987 Irem|625668
berlwall.zip|The Berlin Wall|2.2M - Action/2p - (c)1991 Kaneko|2285868
berzerk.zip|Berzerk|13.0K - Shooter/2p - (c)1980 Stern|13319
bgaregga.zip|Battle Garegga|4.0M - Shoot 'em up/2p - (c)1996 Eighting/Raizing|4197974
bionicc1.zip|Bionic Commando|334.2K - Platform/2p - (c)1987 Capcom|342237
bioship.zip|Bio-Ship Paladin (also known as Spaceship Gomera)|1.3M - Shoot 'em up/2p - (c)1990 UPL|1367266
bladestl.zip|Blades of Steel: The Supreme Hockey Challenge|868.9K - Sports/2p - (c)1987 Konami|889791
blandia.zip|Blandia|3.2M - Fighting/2p - (c)1992 Allumer|3357386
blaster.zip|Blaster|108.5K - Shooter (TPS)/2p - (c)1983 Williams Electronics|111076
blazeon.zip|BlaZeon|1.6M - Shoot 'em up/2p - (c)1992 Atlus|1706573
blazer.zip|Blazer|993.9K - Shoot 'em up/2p - (c)1987 Namco|1017737
blkheart.zip|Black Heart|1.1M - Shoot 'em up/2p - (c)1991 UPL|1150297
blkhole.zip|Black Hole|10.1K - Shoot 'em up/2p - (c)1981 Game-A-Tron|10362
blktiger.zip|Black Tiger (also known as Black Dragon)|330.8K - Platform/2p - (c)1987 Capcom|338722
blockcar.zip|Thunder & Lightning 2 (also known as Block Carnival)|781.5K - Puzzle/2p - (c)1992 Visco|800288
bloodbro.zip|Blood Bros.|1.1M - Gallery shooter/2p - (c)1991 Fabtek|1165108
bloodstm.zip|BloodStorm|8.7M - Fighting/2p - (c)1994 Strata|9170045
bloodwar.zip|Blood Warrior|11.3M - Fighting/2p - (c)1994 Kaneko|11874143
bloxeed.zip|Bloxeed|180.5K - Puzzle/2p - (c)1990 Sega|184809
blswhstl.zip|Bells & Whistles (also known as Detana!! TwinBee)|1.7M - Shoot 'em up/2p - (c)1991 Konami|1766366
bluehawk.zip|Blue Hawk|728.4K - Shoot 'em up/2p - (c)1993 Dooyong|745839
blzntrnd.zip|Blazing Tornado|14.1M - Sports/4p - (c)1994 Human Entertainment|14762455
bmaster.zip|Blade Master (also known as Cross Blades!)|1.8M - Beat 'em up/2p - (c)1991 Irem|1919274
bnj.zip|Bump 'n' Jump (also known as Burnin' Rubber)|24.6K - Vehicular combat/2p - (c)1982 Data East|25188
bnzabros.zip|Bonanza Bros.|923.8K - Platform/2p - (c)1990 Sega|945969
bombbee.zip|Bomb Bee|6.9K - Action/2p - (c)1979 Namco|7084
bombjack.zip|Bomb Jack|55.6K - Action/2p - (c)1984 Tehkan|56902
bonkadv.zip|Bonk's Adventure (also known as B.C. Kid)|4.9M - Platform/2p - (c)1994 Kaneko|5161677
bonzeadv.zip|Bonze Adventure (also known as Jigoku Meguri)|845.4K - Platform/2p - (c)1988 Taito|865656
boogwingu.zip|Boogie Wings (also known as The Great Ragtime Show)|7.9M - Shoot 'em up/2p - (c)1992 Data East|8306591
bouldash.zip|Boulder Dash (also known as Boulder Dash Part 2)|509.8K - Action/2p - (c)1990 Data East|521993
boxyboy.zip|Boxy Boy (also known as Soukoban Deluxe)|225.7K - Puzzle/2p - (c)1990 Namco|231139
brapboys.zip|B.Rap Boys|5.1M - Beat 'em up/3p - (c)1992 Kaneko|5385326
brkthru.zip|BreakThru|129.7K - Vehicular combat/2p - (c)1986 Data East|132835
bshark.zip|Battle Shark|2.3M - Gallery shooter/1p - (c)1989 Taito|2360907
btime.zip|BurgerTime|20.3K - Action/2p - (c)1982 Bally/Midway|20757
btlkroad.zip|Battle K-Road|4.0M - Fighting/2p - (c)1994 Psikyo|4161327
btoads.zip|Battletoads|4.1M - Beat 'em up/2p - (c)1994 Electronic Arts|4350974
bubblem.zip|Bubble Memories: The Story of Bubble Bobble III|5.6M - Platform/2p - (c)1995 Taito|5904419
bubbles.zip|Bubbles|34.9K - Action/2p - (c)1982 Williams Electronics|35772
bublboblr.zip|Bubble Bobble|179.5K - Platform/2p - (c)1986 Taito|183821
bubsymphu.zip|Bubble Symphony (also known as Bubble Bobble II)|4.7M - Platform/2p - (c)1994 Taito|4906713
buckrog.zip|Buck Rogers: Planet of Zoom (also known as Zoom 909)|88.2K - Rail shooter/2p - (c)1982 Sega|90331
bucky.zip|Bucky O'Hare|5.8M - Beat 'em up/4p - (c)1992 Konami|6132521
burnforc.zip|Burning Force|1.7M - Shoot 'em up/2p - (c)1989 Namco|1804932
bwidow.zip|Black Widow|26.8K - Shoot 'em up/2p - (c)1983 Atari|27400
bwings.zip|B-Wings|58.4K - Shoot 'em up/2p - (c)1984 Data East|59770
bzone.zip|Battlezone|14.2K - Shooter (FPS)/1p - (c)1980 Atari|14534
cabal.zip|Cabal|517.6K - Gallery shooter/2p - (c)1988 Fabtek|530040
cadash.zip|Cadash|726.9K - Role-playing/4p - (c)1990 Taito|744387
cairblad.zip|Change Air Blade|12.9M - Shoot 'em up/2p - (c)1999 Sammy Studios|13533920
calibr50.zip|Caliber .50 (also known as Far East)|2.1M - Run and gun/2p - (c)1989 Romstar|2214000
cameltry.zip|Cameltry (also known as On the Ball)|458.8K - Puzzle/2p - (c)1990 Taito|469785
canyon.zip|Canyon Bomber|3.4K - Action/2p - (c)1977 Atari|3510
capbowl.zip|Capcom Bowling (also known as Coors Light Bowling)|93.9K - Sports/4p - (c)1988 Capcom|96130
captavenu.zip|Captain America and the Avengers|7.1M - Beat 'em up/4p - (c)1991 Data East|7450238
captcomm.zip|Captain Commando|2.4M - Beat 'em up/4p - (c)1991 Capcom|2542116
cawing.zip|Carrier Air Wing (also known as U.S. Navy)|1.4M - Shoot 'em up/2p - (c)1990 Capcom|1440062
cbombers.zip|Chase Bombers|10.6M - Racing/2p - (c)1994 Taito|11069075
ccastles.zip|Crystal Castles|27.4K - Action/2p - (c)1983 Atari|28065
cclimber.zip|Crazy Climber|27.9K - Platform/2p - (c)1980 Taito|28613
cclimbr2.zip|Crazy Climber 2|323.4K - Platform/2p - (c)1988 Nichibutsu|331133
centiped.zip|Centipede|8.5K - Shoot 'em up/2p - (c)1981 Atari|8739
chainrec.zip|Chain Reaction (also known as Magical Drop)|2.9M - Puzzle/2p - (c)1995 Data East|3015121
chameleo.zip|Chameleon|26.6K - Platform/2p - (c)1983 Jaleco|27192
champwr.zip|Champion Wrestler|882.9K - Sports/2p - (c)1989 Taito|904071
charlien.zip|Charlie Ninja|3.5M - Run and gun/2p - (c)1994 Mitchell|3708127
chasehq.zip|Chase H.Q.|3.6M - Racing/1p - (c)1988 Taito|3737788
chelnov.zip|Atomic Runner Chelnov|278.0K - Run and gun/2p - (c)1988 Data East|284711
chinagat.zip|China Gate|653.9K - Beat 'em up/2p - (c)1988 Technos|669629
chopliftu.zip|Choplifter|134.5K - Shoot 'em up/1p - (c)1985 Sega|137735
chopper.zip|Chopper I|412.2K - Shoot 'em up/2p - (c)1988 SNK|422139
chukatai.zip|Chuuka Taisen (also known as Cloud Master)|500.2K - Shoot 'em up/2p - (c)1988 Taito|512238
circusc.zip|Circus Charlie|61.1K - Action/2p - (c)1984 Centuri|62577
citybomb.zip|City Bomber|592.8K - Vehicular combat/2p - (c)1987 Konami|607022
citycon.zip|City Connection (also known as Cruisin')|109.8K - Platform/2p - (c)1985 Jaleco|112451
clapapa.zip|Rootin' Tootin' (also known as La-Pa-Pa)|18.7K - Action/2p - (c)1983 Data East|19143
cleopatr.zip|Cleopatra Fortune|2.8M - Puzzle/2p - (c)1997 Taito|2975355
cninja.zip|Caveman Ninja (also known as Joe & Mac)|2.2M - Platform/2p - (c)1991 Data East|2318687
cobracom.zip|Cobra Command|319.3K - Shoot 'em up/2p - (c)1988 Data East|326935
commando.zip|Commando|132.2K - Run and gun/1p - (c)1985 Data East|135332
congo.zip|Congo Bongo (also known as Tip Top)|54.7K - Platform/2p - (c)1983 Sega|56062
contcirc.zip|Continental Circuit (also known as Continental Circus)|1.9M - Racing/1p - (c)1987 Taito|1987494
contra.zip|Contra (also known as Gryzor)|379.3K - Run and gun/2p - (c)1987 Konami|388410
cosmccop.zip|Cosmic Cop (also known as Gallop: Armed Police Unit)|695.9K - Shoot 'em up/2p - (c)1991 Irem|712631
cosmogng.zip|Cosmo Gang: The Video|1.7M - Shoot 'em up/2p - (c)1991 Namco|1834076
cotton.zip|Cotton: Fantastic Night Dreams|1.0M - Shoot 'em up/1p - (c)1991 Sega|1095672
crbaloon.zip|Crazy Balloon|10.8K - Action/2p - (c)1980 Taito|11105
crimec.zip|Crime City|890.8K - Run and gun/2p - (c)1989 Taito|912179
crimfght.zip|Crime Fighters|900.2K - Beat 'em up/2p - (c)1989 Konami|921771
crkdown.zip|Crack Down|924.7K - Run and gun/2p - (c)1989 Sega|946932
crshrace.zip|Lethal Crash Race|4.1M - Racing/2p - (c)1993 McO'River|4288474
ctribe.zip|The Combatribes|1.7M - Beat 'em up/3p - (c)1990 Technos|1790458
cybattlr.zip|Cybattler|1.2M - Shoot 'em up/2p - (c)1993 Jaleco|1266380
cybotsu.zip|Cyberbots: Fullmetal Madness|19.2M - Fighting/2p - (c)1995 Capcom|20181403
cyvern.zip|Cyvern: The Dragon Weapons|13.1M - Shoot 'em up/2p - (c)1998 Kaneko|13780343
daioh.zip|Daioh|3.0M - Shoot 'em up/2p - (c)1993 Sammy Studios|3149136
dangseed.zip|Dangerous Seed|722.1K - Shoot 'em up/2p - (c)1989 Namco|739448
daraku.zip|Daraku Tenshi: The Fallen Angels|21.5M - Fighting/2p - (c)1998 Psikyo|22496394
darius.zip|Darius|681.3K - Shoot 'em up/2p - (c)1986 Taito|697674
dariusg.zip|Darius Gaiden|7.6M - Shoot 'em up/2p - (c)1994 Taito|7949500
darkadv.zip|Dark Adventure (also known as Devil World)|1.2M - Action/3p - (c)1987 Konami|1209358
darkmist.zip|The Lost Castle in Darkmist|341.6K - Action/2p - (c)1986 Taito|349848
darktowr.zip|Dark Tower|369.3K - Platform/2p - (c)1992 The Game Room|378122
darwin.zip|Darwin 4078|117.7K - Shoot 'em up/2p - (c)1986 Data East|120491
dassault.zip|Desert Assault (also known as Thunder Zone)|3.6M - Run and gun/4p - (c)1991 Data East|3798549
dblaxle.zip|Double Axle|4.7M - Racing/2p - (c)1990 Taito|4876437
dblewing.zip|Double-Wings|2.0M - Shoot 'em up/2p - (c)1993 Mitchell|2055656
dbreed.zip|Dragon Breed|736.3K - Shoot 'em up/2p - (c)1989 Irem|753922
dbz.zip|Dragon Ball Z|3.3M - Fighting/2p - (c)1993 Banpresto|3437449
ddcrew.zip|D.D. Crew|3.1M - Beat 'em up/4p - (c)1991 Sega|3201535
ddonpach.zip|DoDonPachi|7.5M - Shoot 'em up/2p - (c)1996 Atlus|7873158
ddp2.zip|DoDonPachi II: Bee Storm|12.3M - Shoot 'em up/2p - (c)2001 IGS|12890664
ddp3.zip|DoDonPachi DaiOuJou (also known as DoDonPachi III)|17.8M - Shoot 'em up/2p - (c)2002 AMI|18646889
ddragon2.zip|Double Dragon II: The Revenge|730.9K - Beat 'em up/2p - (c)1988 Technos|748422
ddragon3.zip|Double Dragon 3: The Rosetta Stone|1.8M - Beat 'em up/3p - (c)1990 Technos|1853778
ddragonu.zip|Double Dragon|522.0K - Beat 'em up/2p - (c)1987 Taito|534496
ddribble.zip|Double Dribble|350.2K - Sports/2p - (c)1986 Konami|358619
ddsomu.zip|Dungeons & Dragons: Shadow Over Mystara|16.2M - Beat 'em up/4p - (c)1996 Capcom|16967122
ddtodu.zip|Dungeons & Dragons: Tower of Doom|10.3M - Beat 'em up/4p - (c)1994 Capcom|10765002
ddux.zip|Dynamite Dux|541.1K - Beat 'em up/2p - (c)1989 Sega|554093
deadang.zip|Dead Angle (also known as Gang Hunter)|751.5K - Gallery shooter/2p - (c)1988 Seibu Kaihatsu|769531
deadconx.zip|Dead Connection|1.8M - Run and gun/2p - (c)1992 Taito|1939278
defender.zip|Defender|22.9K - Shoot 'em up/2p - (c)1980 Williams Electronics|23414
demonwld.zip|Demon's World (also known as Horror Story)|435.0K - Shoot 'em up/2p - (c)1989 Taito|445425
denjinmk.zip|Denjinmakai|4.0M - Beat 'em up/2p - (c)1994 Banpresto|4233646
desertbr.zip|Desert Breaker|3.4M - Run and gun/3p - (c)1992 Sega|3609160
devstors.zip|Devastators (also known as Garuka)|624.9K - Shooter (TPS)/2p - (c)1988 Konami|639925
dharma.zip|Dharma Dojo|1.1M - Puzzle/2p - (c)1994 Metro|1200431
digdug.zip|Dig Dug|27.8K - Action/2p - (c)1982 Atari|28481
digdug2.zip|Dig Dug II|35.1K - Action/2p - (c)1985 Namco|35952
dimahoou.zip|Dimahoo|13.9M - Shoot 'em up/2p - (c)2000 Capcom|14623628
dino.zip|Cadillacs and Dinosaurs|3.9M - Beat 'em up/3p - (c)1993 Capcom|4116096
dinorex.zip|Dino Rex|5.4M - Fighting/2p - (c)1992 Taito|5630448
djboy.zip|DJ Boy|1.5M - Beat 'em up/2p - (c)1989 Kaneko|1539857
dkong.zip|Donkey Kong|21.8K - Platform/2p - (c)1981 Nintendo|22302
dkong3.zip|Donkey Kong 3|41.5K - Shooter/2p - (c)1983 Nintendo|42504
dkongjr.zip|Donkey Kong Jr.|29.9K - Platform/2p - (c)1982 Nintendo|30651
dmnfrnt.zip|Demon Front|21.8M - Run and gun/2p - (c)2002 IGS|22900854
docastle.zip|Mr. Do!'s Castle (also known as Mr. Do! vs. Unicorns)|34.8K - Action/2p - (c)1983 Taito|35597
dogyuun.zip|Dogyuun|2.8M - Shoot 'em up/2p - (c)1992 Toaplan|2892442
dondokod.zip|Don Doko Don|945.8K - Platform/2p - (c)1989 Taito|968497
donpachi.zip|DonPachi|4.6M - Shoot 'em up/2p - (c)1995 Atlus|4846905
dotron.zip|Discs of Tron|65.8K - Action/1p - (c)1983 Bally/Midway|67409
dowild.zip|Mr. Do!'s Wild Ride|42.6K - Action/2p - (c)1984 Universal|43654
dragnblz.zip|Dragon Blaze|15.9M - Shoot 'em up/2p - (c)2000 Psikyo|16713106
drakton.zip|Drakton|17.1K - Action/2p - (c)1985 Epos Corporation|17544
dreamwld.zip|Dream World|1.9M - Platform/2p - (c)2000 SemiCom|2007956
drgnbstr.zip|Dragon Buster|58.9K - Role-playing/1p - (c)1985 Namco|60346
drgnmst.zip|Dragon Master|5.4M - Fighting/2p - (c)1994 Unico|5627969
drgnunit.zip|Dragon Unit (also known as Castle of Dragon)|1.7M - Platform/2p - (c)1989 SETA Corporation|1821007
drifto94.zip|Drift Out '94: The Hard Order|20.4M - Racing/1p - (c)1994 Visco|21399827
driftout.zip|Drift Out|1,002.9K - Racing/2p - (c)1991 Visco|1026944
dsaber.zip|Dragon Saber: After Story of Dragon Spirit|1.9M - Shoot 'em up/2p - (c)1990 Namco|1979632
dspirit.zip|Dragon Spirit|1.0M - Shoot 'em up/2p - (c)1987 Namco|1099265
dstlku.zip|Darkstalkers: The Night Warriors (also known as Vampire: The Night Warriors)|14.3M - Fighting/2p - (c)1994 Capcom|15005346
dtfamily.zip|Diet Family|4.0M - Shoot 'em up/2p - (c)2001 SemiCom|4237482
dualaslt.zip|Dual Assault (also known as Liberation)|62.7K - Shoot 'em up/2p - (c)1984 Data East|64230
dungeonm.zip|Dungeon Magic (also known as Light Bringer)|7.6M - Beat 'em up/4p - (c)1993 Taito|7969340
dunkshot.zip|Dunk Shot|300.2K - Sports/4p - (c)1987 Atari|307386
dyger.zip|Dyger|244.0K - Shoot 'em up/2p - (c)1989 Philko|249852
dynablst.zip|dynablst|364.1K|372842
dynagear.zip|Dyna Gear|6.0M - Platform/2p - (c)1994 Sammy Studios|6263138
dyndukeu.zip|Dynamite Duke|1.7M - Gallery shooter/1p - (c)1989 Fabtek|1777921
dynwar.zip|Dynasty Wars (also known as Tenchi wo KuraU)|2.1M - Beat 'em up/2p - (c)1989 Capcom|2193606
eaglshot.zip|Eagle Shot Golf|6.4M - Sports/2p - (c)1995 Sammy Studios|6670341
earthjkr.zip|U.N. Defense Force: Earth Joker|721.1K - Shoot 'em up/2p - (c)1993 Visco|738453
ecofghtr.zip|Eco Fighters|7.6M - Shoot 'em up/2p - (c)1993 Capcom|8008954
edf.zip|Earth Defense Force|1.1M - Shoot 'em up/2p - (c)1991 Jaleco|1166516
edrandy.zip|The Cliffhanger: Edward Randy|3.5M - Platform/2p - (c)1990 Data East|3704725
eightfrc.zip|Eight Forces|2.8M - Shoot 'em up/2p - (c)1994 Tecmo|2973386
elevator.zip|Elevator Action|36.2K - Action/2p - (c)1983 Taito|37041
elim2.zip|Eliminator|21.9K - Shoot 'em up/4p - (c)1981 Sega|22379
elvactr.zip|Elevator Action II (also known as Elevator Action Returns)|7.8M - Action/2p - (c)1994 Taito|8186906
empcityu.zip|Empire City: 1931 (also known as Street Fight)|228.3K - Gallery shooter/2p - (c)1986 Seibu Kaihatsu|233810
endurord.zip|Enduro Racer|117.3K - Racing/1p - (c)1986 Sega|120116
enforce.zip|Enforce|2.2M - Rail shooter/2p - (c)1989 Taito|2276602
eprom.zip|Escape from the Planet of the Robot Monsters|727.9K - Action/2p - (c)1989 Atari|745403
esb.zip|Star Wars: The Empire Strikes Back|76.8K - Rail shooter/1p - (c)1985 Atari|78595
esckids.zip|Escape Kids|1.0M - Sports/4p - (c)1991 Konami|1049183
espgal.zip|Espgaluda|17.3M - Shoot 'em up/2p - (c)2003 Cave|18191161
esprade.zip|ESP Ra.De.|13.7M - Shoot 'em up/2p - (c)1998 Atlus|14414769
eswat.zip|ESWAT: Cyber Police|1.1M - Platform/2p - (c)1989 Sega|1103110
explbrkr.zip|Explosive Breaker (also known as Bokuretsu Breaker)|2.1M - Shoot 'em up/2p - (c)1992 Kaneko|2201102
exprraid.zip|Express Raider (also known as Western Raider)|161.1K - Platform/2p - (c)1985 Data East|165004
exterm.zip|Exterminator|919.7K - Shooter/2p - (c)1989 Gottlieb|941767
extrmatn.zip|Extermination|361.8K - Shoot 'em up/2p - (c)1987 World Games|370514
f1dreamb.zip|F-1 Dream|331.6K - Racing/2p - (c)1988 Capcom|339604
f1gp.zip|F-1 Grand Prix|3.8M - Racing/2p - (c)1991 Video System|3996510
f1gp2.zip|F-1 Grand Prix Part II|4.0M - Racing/2p - (c)1992 Video System|4216909
fantzn2x.zip|Fantasy Zone II: The Tears of Opa-Opa|797.6K - Shoot 'em up/1p - (c)1988 Sega|816793
fantzone.zip|Fantasy Zone|259.3K - Shoot 'em up/1p - (c)1986 Sega|265549
fastlane.zip|Fast Lane|619.0K - Action/1p - (c)1987 Konami|633828
feversos.zip|Fever SOS (also known as Dangun Feveron)|6.7M - Shoot 'em up/2p - (c)1998 Nihon System|7034756
ffight.zip|Final Fight|1.4M - Beat 'em up/2p - (c)1989 Capcom|1429616
fghthist.zip|Fighter's History|5.4M - Fighting/2p - (c)1993 Data East|5649991
fhawk.zip|Fighting Hawk|469.9K - Shoot 'em up/2p - (c)1988 Taito|481217
finalizr.zip|Finalizer: Super Transformation|79.2K - Shoot 'em up/2p - (c)1985 Konami|81140
fireshrk.zip|Fire Shark (also known as Same! Same! Same!)|529.1K - Shoot 'em up/2p - (c)1990 Toaplan|541849
flicky.zip|Flicky|56.3K - Platform/2p - (c)1984 Sega|57663
flstory.zip|The Fairyland Story|87.0K - Platform/2p - (c)1985 Taito|89082
flytiger.zip|Flying Tiger|721.2K - Shoot 'em up/2p - (c)1992 Dooyong|738480
foodf.zip|Food Fight (also known as Charlie Chuck's Food Fight)|46.8K - Action/2p - (c)1983 Atari|47872
forgottn.zip|Forgotten Worlds|1.9M - Shoot 'em up/2p - (c)1988 Capcom|1952681
frenzy.zip|Frenzy|16.5K - Shooter/2p - (c)1982 Stern|16896
frogger.zip|Frogger|15.6K - Action/2p - (c)1981 Sega|16011
frontlin.zip|Front Line|39.4K - Run and gun/2p - (c)1982 Taito|40340
fround.zip|The Final Round (also known as Hard Puncher)|876.5K - Sports/2p - (c)1988 Konami|897501
fstarfrc.zip|Final Star Force|956.0K - Shoot 'em up/4p - (c)1992 Tecmo|978965
gaia.zip|Gaia Crusaders|18.3M - Beat 'em up/2p - (c)1999 Noise Factory|19234588
gaialast.zip|Gaia: The Last Choice of Earth|3.8M - Shoot 'em up/2p - (c)1999 Semicom|3982955
gaiapols.zip|Gaiapolis|7.4M - Role-playing/2p - (c)1993 Konami|7737827
gaiden.zip|Ninja Gaiden (also known as Shadow Warriors)|1.0M - Platform/2p - (c)1988 Tecmo|1080565
galaga.zip|Galaga|22.6K - Shoot 'em up/2p - (c)1981 Midway|23176
galaga3.zip|Galaga 3 (also known as Gaplus)|55.6K - Shoot 'em up/2p - (c)1984 Bally/Midway|56968
galaga88.zip|Galaga '88|614.5K - Shoot 'em up/2p - (c)1988 Namco|629232
galastrm.zip|Galactic Storm|5.8M - Rail shooter/1p - (c)1992 Taito|6128099
galaxian.zip|Galaxian|10.1K - Shoot 'em up/2p - (c)1979 Midway|10327
galivan.zip|Cosmo Police Galivan|154.2K - Platform/2p - (c)1985 Nihon Bussan|157876
galmedes.zip|Galmedes|583.3K - Shoot 'em up/2p - (c)1992 Visco|597320
gardia.zip|Gardia|107.5K - Shoot 'em up/2p - (c)1986 Sega|110099
garyoret.zip|Garyo Retsuden|410.9K - Run and gun/2p - (c)1987 Data East|420793
gatedoom.zip|Gate of Doom (also known as Dark Seal)|1.1M - Beat 'em up/2p - (c)1990 Data East|1185263
gaunt2.zip|Gauntlet II|307.8K - Action/4p - (c)1986 Atari|315198
gauntlet.zip|Gauntlet|245.6K - Action/4p - (c)1985 Atari|251508
gblchmp.zip|Global Champion (also known as Kaiser Knuckle)|12.7M - Fighting/2p - (c)1994 Taito|13348667
gbusters.zip|Gang Busters (also known as Crazy Cop)|596.3K - Run and gun/2p - (c)1988 Konami|610609
geebeeg.zip|Gee Bee|3.9K - Action/2p - (c)1978 Gremlin Interactive|3951
gekiridn.zip|Gekirindan|6.0M - Shoot 'em up/2p - (c)1995 Taito|6265723
gemini.zip|Gemini Wing|362.0K - Shoot 'em up/2p - (c)1987 Tecmo|370662
genpeitd.zip|Genpei Toumaden (also known as The Genji and the Heike Clans)|553.2K - Platform/2p - (c)1986 Namco|566433
gforce2.zip|Galaxy Force II|3.0M - Rail shooter/1p - (c)1988 Sega|3189799
gground.zip|Gain Ground|788.6K - Action/3p - (c)1988 Sega|807516
ghostb.zip|The Real Ghostbusters (also known as Meikyuu Hunter G)|407.4K - Action/3p - (c)1987 Data East|417176
ghouls.zip|Ghouls 'n Ghosts (also known as Daimakaimura)|1.5M - Platform/2p - (c)1988 Capcom|1608233
ghoxj.zip|Ghox|519.2K - Action/2p - (c)1991 Toaplan|531633
gigandes.zip|Gigandes|1.4M - Shoot 'em up/2p - (c)1989 East Technology|1507457
gigawing.zip|Giga Wing|12.1M - Shoot 'em up/2p - (c)1999 Capcom|12637131
gijoe.zip|G.I. Joe: A Real American Hero|3.9M - Rail shooter/4p - (c)1992 Konami|4063692
ginganin.zip|Ginga Ninkyouden|372.1K - Platform/2p - (c)1987 Jaleco|380991
gladiatr.zip|Gladiator (also known as Ougon no Siro)|263.2K - Beat 'em up/2p - (c)1986 Taito|269478
gloc.zip|G-LOC: Air Battle|6.1M - Flight simulator/1p - (c)1990 Sega|6398808
gnbarich.zip|Gunbarich|5.1M - Action/2p - (c)2001 Psikyo|5366883
gng.zip|Ghosts 'n Goblins (also known as Makaimura)|154.5K - Platform/2p - (c)1985 Capcom|158211
gogomile.zip|Go! Go! Mile Smile|3.1M - Action/2p - (c)1995 Fuuki|3217727
goldnaxe.zip|Golden Axe|1.1M - Beat 'em up/2p - (c)1989 Sega|1164058
gondo.zip|Gondomania (also known as Makyou Senshi)|391.7K - Shoot 'em up/2p - (c)1987 Data East|401137
gprider.zip|GP Rider|1.5M - Racing/2p - (c)1992 Sega|1562392
gradius3.zip|Gradius III|1.5M - Shoot 'em up/2p - (c)1989 Konami|1539655
gravitar.zip|Gravitar|25.7K - Shoot 'em up/2p - (c)1982 Atari|26320
grdian.zip|Guardian (also known as Get Star)|155.6K - Beat 'em up/2p - (c)1986 Taito|159305
grdians.zip|Guardians (also known as Denjinmakai II)|13.5M - Beat 'em up/2p - (c)1995 Banpresto|14199835
grobda.zip|Grobda|27.3K - Shoot 'em up/2p - (c)1984 Namco|27913
growl.zip|Growl (also known as Runark)|2.5M - Beat 'em up/4p - (c)1990 Taito|2610451
gseeker.zip|Grid Seeker: Project Storm Hammer|5.0M - Shoot 'em up/2p - (c)1992 Taito|5213494
gstream.zip|G-Stream G2020|11.9M - Shoot 'em up/2p - (c)2002 Oriental Soft|12489602
gtsupreme.zip|Golden Tee Supreme Edition Tournament (also known as Golden Tee 2K)|3.7M - Sports/4p - (c)2002 Incredible Technologies|3846977
gulfstrm.zip|Gulf Storm|471.6K - Shoot 'em up/2p - (c)1991 Dooyong|482930
gulfwar2.zip|Gulf War II|373.7K - Shoot 'em up/2p - (c)1991 Four J International|382709
gunbird.zip|Gunbird (also known as Mobile Light Force)|4.3M - Shoot 'em up/2p - (c)1994 Psikyo|4539053
gunbird2.zip|Gunbird 2|21.9M - Shoot 'em up/2p - (c)1998 Psikyo|22987991
gunbustr.zip|Operation Gunbuster|4.6M - Gallery shooter/4p - (c)1992 Taito|4840661
gunforc2.zip|GunForce II (also known as Geo Storm)|3.9M - Run and gun/2p - (c)1998 Irem|4132756
gunforce.zip|GunForce|917.9K - Run and gun/2p - (c)1991 Irem|939910
gunfront.zip|Gun Frontier (also known as Gun & Frontier)|2.2M - Shoot 'em up/2p - (c)1990 Taito|2339248
gunlock.zip|Gunlock (also known as RayForce)|5.1M - Shoot 'em up/2p - (c)1993 Taito|5324070
gunnail.zip|Gunnail|1.8M - Shoot 'em up/2p - (c)1992 Tecmo|1912266
gunsmoke.zip|Gun.Smoke|236.3K - Shoot 'em up/2p - (c)1985 Romstar|241952
guwange.zip|Guwange|17.9M - Shoot 'em up/2p - (c)1999 Atlus|18761704
gwar.zip|Guerrilla War|479.0K - Run and gun/2p - (c)1987 SNK|490489
gwarrior.zip|Galactic Warriors|123.8K - Fighting/2p - (c)1985 Konami|126732
gyrodine.zip|Gyrodine|64.1K - Shoot 'em up/2p - (c)1985 Taito|65671
gyruss.zip|Gyruss|42.1K - Shoot 'em up/2p - (c)1983 Konami|43127
hachamfb.zip|Hacha Mecha Fighter|1.1M - Shoot 'em up/2p - (c)1991 NMK|1203598
hal21.zip|HAL 21|76.9K - Shoot 'em up/2p - (c)1985 SNK|78781
hangon.zip|Hang-On|380.1K - Racing/1p - (c)1985 Sega|389205
hardhea2.zip|Hard Head 2|348.7K - Platform/2p - (c)1991 SunA Electronics|357096
hardhead.zip|Hard Head|132.1K - Platform/2p - (c)1988 SunA Electronics|135257
hatris.zip|Hatris|185.0K - Puzzle/2p - (c)1990 Video System|189478
hbarrel.zip|Heavy Barrel|517.2K - Run and gun/2p - (c)1987 Data East|529582
hcastle.zip|Haunted Castle (also known as Akumajou Dracula)|922.9K - Platform/2p - (c)1987 Konami|945000
hellfire.zip|Hellfire|368.6K - Shoot 'em up/1p - (c)1989 Taito|377423
hexion.zip|Hexion|402.2K - Puzzle/2p - (c)1992 Konami|411805
hharry.zip|Hammerin' Harry (also known as Daiku no Gen-san)|722.4K - Platform/2p - (c)1990 Irem|739781
hiimpact.zip|High Impact Football|1.2M - Sports/4p - (c)1990 Williams Electronics|1209159
hippodrm.zip|Hippodrome (also known as Fighting Fantasy)|497.9K - Fighting/2p - (c)1989 Data East|509832
hitice.zip|Hit the Ice: The Video Hockey League|579.6K - Sports/4p - (c)1990 Williams Electronics|593474
hook.zip|Hook|2.8M - Beat 'em up/4p - (c)1992 Irem|2949279
hoops96.zip|Hoops (also known as Hoops '96)|7.2M - Sports/2p - (c)1995 Data East|7554308
hopmappy.zip|Hopping Mappy|27.2K - Action/2p - (c)1986 Namco|27853
horizon.zip|Horizon|82.7K - Shoot 'em up/2p - (c)1985 Irem|84661
hotdogst.zip|Hotdog Storm|1.4M - Shoot 'em up/2p - (c)1996 Marble|1501013
hsf2.zip|Hyper Street Fighter II: The Anniversary Edition|20.0M - Fighting/2p - (c)2003 Capcom|20976954
hvymetal.zip|Heavy Metal|146.2K - Shoot 'em up/2p - (c)1985 Sega|149752
hvysmsh.zip|Heavy Smash: The Future Sports|6.2M - Sports/2p - (c)1993 Data East|6514649
hvyunit.zip|Heavy Unit|612.6K - Shoot 'em up/2p - (c)1988 Taito|627323
hydra.zip|Hydra|1.3M - Vehicular combat/1p - (c)1990 Atari|1393019
hyperspt.zip|Hyper Sports|92.5K - Sports/4p - (c)1984 Konami|94731
hyprduel.zip|Hyper Duel|1.3M - Shoot 'em up/2p - (c)1993 Technosoft|1382413
ikari.zip|Ikari Warriors|191.6K - Run and gun/2p - (c)1986 Tradewest|196220
ikari3.zip|Ikari III: The Rescue|1.2M - Beat 'em up/2p - (c)1989 SNK|1274099
imgfight.zip|Image Fight|621.7K - Shoot 'em up/2p - (c)1988 Irem|636633
imsorry.zip|I'm Sorry (also known as Gombe's I'm Sorry)|57.0K - Action/2p - (c)1985 Sega|58411
insectx.zip|Insector X|533.0K - Shoot 'em up/2p - (c)1988 Taito|545802
inthunt.zip|In the Hunt|2.9M - Shoot 'em up/2p - (c)1993 Irem|3017673
invaders.zip|Space Invaders|5.3K - Shoot 'em up/2p - (c)1978 Midway|5388
ironhors.zip|Iron Horse|95.6K - Run and gun/2p - (c)1986 Konami|97862
jackal.zip|Jackal (also known as Final Command)|228.0K - Shoot 'em up/2p - (c)1986 Konami|233428
jailbrek.zip|Jail Break|67.5K - Run and gun/2p - (c)1986 Konami|69169
jchan.zip|Jackie Chan: The Kung-Fu Master|20.4M - Fighting/2p - (c)1995 Kaneko|21384614
jedi.zip|Star Wars: Return of the Jedi|133.9K - Shooter/1p - (c)1984 Atari|137157
jjsquawk.zip|J.J. Squawkers|2.4M - Platform/2p - (c)1992 Able Corporation|2517302
joemacr.zip|Joe & Mac Returns|3.7M - Platform/2p - (c)1994 Data East|3855457
jojo.zip|JoJo's Venture|43.9M - Fighting/2p - (c)1998 Capcom|46008577
jojoba.zip|JoJo's Bizarre Adventure|51.7M - Fighting/2p - (c)1999 Capcom|54256886
journey.zip|Journey|66.4K - Action/1p - (c)1983 Bally/Midway|67946
joust.zip|Joust|36.7K - Action/2p - (c)1982 Williams Electronics|37543
jrpacman.zip|Jr. Pac-Man|28.4K - Action/2p - (c)1983 Bally/Midway|29070
jungleh.zip|Jungle Hunt|43.2K - Platform/2p - (c)1982 Taito|44264
junofrst.zip|Juno First|43.0K - Shoot 'em up/2p - (c)1983 Gottlieb|44038
kangaroo.zip|Kangaroo|29.0K - Platform/2p - (c)1982 Atari|29696
karatblz.zip|Karate Blazers|2.7M - Beat 'em up/4p - (c)1991 Video System|2798742
karianx.zip|Karian Cross|2.1M - Puzzle/2p - (c)1996 Deniam Corporation|2222135
karnov.zip|Karnov|360.0K - Platform/2p - (c)1987 Data East|368632
kazan.zip|Ninja Kazan (also known as Iga Ninjutsuden)|853.6K - Platform/2p - (c)1988 Jaleco|874065
kbash.zip|Knuckle Bash|3.2M - Beat 'em up/2p - (c)1993 Atari|3378840
kchamp.zip|Karate Champ|107.7K - Fighting/2p - (c)1984 Data East|110292
ket.zip|Ketsui: Kizuna Jigoku Tachi|19.4M - Shoot 'em up/2p - (c)2002 AMI|20364534
kicker.zip|Kicker (also known as Shao-lin's Road)|49.5K - Beat 'em up/2p - (c)1985 Konami|50641
kidniki.zip|Kid Niki: Radical Ninja (also known as Kaiketsu Yanchamaru)|212.8K - Platform/2p - (c)1986 Irem|217935
kikcubic.zip|Kickle Cubicle (also known as Meikyuu Jima)|377.9K - Puzzle/2p - (c)1988 Irem|386943
kikikai.zip|KiKi KaiKai (also known as Pocky & Rocky)|223.2K - Run and gun/2p - (c)1986 Taito|228593
killbld.zip|The Killing Blade|15.6M - Fighting/2p - (c)1997 IGS|16331090
kingdmgp.zip|Shippuu Mahou Daisakusen: Kingdom-Grandprix|2.5M - Shoot 'em up/2p - (c)1994 Eighting/Raizing|2596652
klax.zip|Klax|285.0K - Puzzle/2p - (c)1990 Atari|291876
kncljoe.zip|Knuckle Joe|126.2K - Platform/2p - (c)1985 Taito|129241
knights.zip|Knights of the Round|2.2M - Beat 'em up/3p - (c)1992 Capcom|2355202
kod.zip|The King of Dragons|2.3M - Beat 'em up/3p - (c)1991 Capcom|2361501
konami88.zip|Konami '88 (also known as '88 Games)|739.9K - Sports/4p - (c)1988 Konami|757695
kov.zip|Knights of Valour|20.1M - Beat 'em up/4p - (c)1999 IGS|21034602
kov2.zip|Knights of Valour 2|23.8M - Beat 'em up/4p - (c)2000 IGS|24951935
kovsh.zip|Knights of Valour Superheroes|21.3M - Beat 'em up/4p - (c)1999 IGS|22366936
kovshp.zip|Knights of Valour Superheroes Plus|21.5M - Beat 'em up/4p - (c)2004 IGS|22565439
kroozr.zip|Kozmik Krooz'r|44.5K - Shoot 'em up/2p - (c)1982 Bally/Midway|45549
krull.zip|Krull|50.6K - Action/2p - (c)1983 Gottlieb|51847
kungfum.zip|Kung-Fu Master (also known as Spartan X)|90.4K - Beat 'em up/2p - (c)1984 Data East|92575
kurikint.zip|Kuri Kinton|520.3K - Beat 'em up/2p - (c)1988 World Games|532810
kyros.zip|Kyros|290.2K - Beat 'em up/2p - (c)1987 World Games|297157
ladybug.zip|Lady Bug|24.7K - Action/2p - (c)1981 Universal|25309
lastduel.zip|Last Duel: Inter Planet War 2012|668.5K - Shoot 'em up/2p - (c)1988 Capcom|684508
lastmisn.zip|Last Mission|204.1K - Shoot 'em up/2p - (c)1986 Data East|209023
lastsurv.zip|Last Survivor|1.5M - Shooter (TPS)/2p - (c)1989 Sega|1530371
ldrun.zip|Lode Runner|46.1K - Puzzle/2p - (c)1984 Irem|47197
ldrun2.zip|Lode Runner: The Bungeling Strikes Back|63.9K - Puzzle/2p - (c)1984 Irem|65466
ldrun3.zip|Lode Runner: Golden Labyrinth (also known as Lode Runner: Majin no Fukkatsu)|84.3K - Puzzle/2p - (c)1985 Irem|86366
ldrun4.zip|Lode Runner: Teikoku Karano Dasshutsu|83.2K - Puzzle/2p - (c)1986 Irem|85203
ledstorm.zip|LED Storm (also known as Mad Gear)|745.1K - Racing/2p - (c)1989 Capcom|762936
legend.zip|Legend|91.7K - Platform/2p - (c)1986 Sega|93944
legion.zip|Legion|256.9K - Shoot 'em up/2p - (c)1987 Nichibutsu|263039
legionna.zip|Legionnaire|1.7M - Beat 'em up/2p - (c)1992 Fabtek|1784004
lethalen.zip|Lethal Enforcers|5.3M - Gallery shooter/2p - (c)1992 Konami|5570393
lethalth.zip|Lethal Thunder (also known as Thunder Blaster)|1.1M - Shoot 'em up/2p - (c)1991 Irem|1204344
lgtnfght.zip|Lightning Fighters (also known as Trigon)|1.4M - Shoot 'em up/2p - (c)1990 Konami|1442874
lifefrce.zip|Life Force (also known as Salamander)|270.6K - Shoot 'em up/2p - (c)1986 Konami|277090
liquidk.zip|Liquid Kids (also known as Mizubaku Daibouken)|1.1M - Platform/2p - (c)1990 Taito|1155998
lkage.zip|The Legend of Kage (also known as Kage no Densetsu)|77.4K - Platform/2p - (c)1985 Taito|79216
llander.zip|Lunar Lander|11.3K - Simulation/1p - (c)1979 Atari|11523
lnc.zip|Lock 'n' Chase|18.2K - Action/2p - (c)1981 Taito|18677
locomotn.zip|Loco-Motion|20.2K - Puzzle/2p - (c)1982 Centuri|20665
loderndf.zip|Lode Runner: The Dig Fight|9.8M - Puzzle/2p - (c)2000 Broderbund/Psikyo|10249029
loffire.zip|Line of Fire (also known as Bakudan Yarou)|1.5M - Gallery shooter/2p - (c)1989 Sega|1541070
loht.zip|Legend of Hero Tonma|659.1K - Platform/2p - (c)1989 Irem|674942
lomakai.zip|Legend of Makai (also known as Makai Densetsu)|225.6K - Platform/2p - (c)1988 Jaleco|231054
lotlot.zip|Lot Lot|37.9K - Puzzle/2p - (c)1985 Irem|38811
ltswords.zip|Lightning Swords (also known as Ken-Go)|696.1K - Beat 'em up/2p - (c)1991 Irem|712855
luckywld.zip|Lucky & Wild|3.2M - Vehicular combat/2p - (c)1993 Namco|3318511
lwings.zip|Legendary Wings (also known as Arles no Tsubasa: The Legendary Soldiers)|223.5K - Shoot 'em up/2p - (c)1986 Capcom|228842
macross.zip|Super Dimension Fortress Macross (also known as Choujikuu Yousai Macross)|2.0M - Shoot 'em up/2p - (c)1992 Fabtek|2124862
macross2.zip|Super Dimension Fortress Macross II (also known as Choujikuu Yousai Macross II)|3.5M - Shoot 'em up/2p - (c)1993 Banpresto|3682248
macrossp.zip|Macross Plus|15.3M - Shoot 'em up/2p - (c)1996 Banpresto|16024981
madshark.zip|Mad Shark|1.8M - Shoot 'em up/2p - (c)1993 Allumer|1923822
magmax.zip|MagMax|93.8K - Shoot 'em up/2p - (c)1985 Nichibutsu|96044
mainevt2p.zip|The Main Event|1.3M - Sports/4p - (c)1988 Konami|1347470
maketrax.zip|Make Trax (also known as Crush Roller)|17.2K - Action/2p - (c)1988 Williams Electronics|17597
maniach.zip|Mania Challenge|256.3K - Sports/2p - (c)1986 Taito|262433
mappy.zip|Mappy|27.8K - Platform/2p - (c)1983 Bally/Midway|28424
mario.zip|Mario Bros.|35.7K - Platform/2p - (c)1983 Nintendo|36588
martmast.zip|Martial Masters|27.2M - Fighting/2p - (c)2001 IGS|28525098
marvland.zip|Marvel Land|1.2M - Platform/2p - (c)1989 Namco|1243440
masterw.zip|Master of Weapon|479.3K - Shoot 'em up/2p - (c)1989 Taito|490849
matmania.zip|Mat Mania|203.3K - Sports/2p - (c)1985 Taito|208226
mazinger.zip|Mazinger Z|2.8M - Shoot 'em up/2p - (c)1994 Banpresto|2912728
mbombrd.zip|Muscle Bomber Duo: Ultimate Team Battle (also known as Muscle Bomber Duo: Heat Up Warriors)|6.2M - Sports/4p - (c)1993 Capcom|6510038
megablst.zip|Megablast|1.5M - Shoot 'em up/2p - (c)1989 Taito|1543533
megaforc.zip|Mega Force (also known as Star Force)|81.5K - Shoot 'em up/2p - (c)1985 Video Ware|83486
megaman.zip|Mega Man: The Power Battle|3.1M - Fighting/2p - (c)1995 Capcom|3301557
megaman2.zip|Mega Man 2: The Power Fighters|7.1M - Fighting/2p - (c)1996 Capcom|7403704
megazone.zip|Mega Zone|57.5K - Shoot 'em up/2p - (c)1983 Konami|58891
mercs.zip|Mercs|1.7M - Run and gun/2p - (c)1990 Capcom|1754056
metafox.zip|Meta Fox|2.1M - Shoot 'em up/2p - (c)1989 Romstar|2179349
metalb.zip|Metal Black|2.4M - Shoot 'em up/2p - (c)1991 Taito|2487657
metamrph.zip|Metamorphic Force|6.4M - Beat 'em up/4p - (c)1993 Konami|6732477
metlhawk.zip|Metal Hawk|2.0M - Shoot 'em up/1p - (c)1988 Namco|2050614
metmqstr.zip|Metamoqester (also known as Oni: The Ninja Master)|7.8M - Fighting/2p - (c)1995 Banpresto|8132221
metrocrs.zip|Metro-Cross|49.0K - Action/2p - (c)1985 Kitcorp|50129
mgcrystl.zip|Magical Crystals|1,001.1K - Run and gun/2p - (c)1991 Kaneko|1025117
mhavoc.zip|Major Havoc (also known as Adventures of Major Havoc)|68.1K - Action/2p - (c)1983 Atari|69696
mia.zip|M.I.A.: Missing in Action|522.9K - Run and gun/2p - (c)1989 Konami|535495
midres.zip|Midnight Resistance|672.6K - Run and gun/2p - (c)1989 Data East|688733
mikie.zip|Mikie (also known as High School Graffiti)|76.6K - Action/2p - (c)1984 Konami|78469
milliped.zip|Millipede|15.3K - Shoot 'em up/2p - (c)1982 Atari|15625
mirninja.zip|Mirai Ninja|1.5M - Platform/2p - (c)1988 Namco|1556575
mk.zip|Mortal Kombat|5.2M - Fighting/2p - (c)1992 Midway|5493611
mk2.zip|Mortal Kombat II|13.0M - Fighting/2p - (c)1993 Midway|13634904
mk3.zip|Mortal Kombat 3|19.7M - Fighting/2p - (c)1995 Midway|20645007
mmatrix.zip|Mars Matrix|18.2M - Shoot 'em up/2p - (c)2000 Capcom|19102430
mmaulers.zip|Monster Maulers (also known as Kyukyoku Sentai Dadandarn)|7.9M - Fighting/2p - (c)1993 Konami|8319334
mmaze.zip|Marchen Maze (also known as Alice in Wonderland)|572.5K - Platform/2p - (c)1988 Namco|586193
moomesa.zip|Wild West C.O.W.-Boys of Moo Mesa|4.4M - Run and gun/4p - (c)1992 Konami|4613816
mooncrst.zip|Moon Cresta (also known as Star Crest and Eagle)|16.3K - Shoot 'em up/2p - (c)1980 Nichibutsu|16711
moonqsr.zip|Moon Quasar|16.6K - Shoot 'em up/2p - (c)1980 Moon Quasar|16988
motorace.zip|MotoRace USA (also known as Zippy Race and Traverse USA)|44.4K - Racing/2p - (c)1983 Williams Electronics|45473
mpatrol.zip|Moon Patrol|23.7K - Shoot 'em up/2p - (c)1982 Williams Electronics|24310
mrdo.zip|Mr. Do!|31.9K - Action/1p - (c)1982 Namco|32673
mrgoemon.zip|Mr. Goemon|79.2K - Platform/2p - (c)1986 Konami|81115
mrkicker.zip|Mr. Kicker|1.8M - Action/2p - (c)2001 SemiCom|1932599
mshu.zip|Marvel Super Heroes|19.2M - Fighting/2p - (c)1995 Capcom|20099193
mshvsfu.zip|Marvel Super Heroes vs. Street Fighter|22.1M - Fighting/2p - (c)1997 Capcom|23125391
msisaac.zip|Metal Soldier Isaac II|70.9K - Shoot 'em up/2p - (c)1985 Taito|72622
mslider.zip|Monster Slider|7.1M - Puzzle/2p - (c)1997 Visco|7432840
mspacman.zip|Ms. Pac-Man|21.3K - Action/2p - (c)1981 Midway|21791
msword.zip|Magic Sword|1.4M - Platform/2p - (c)1990 Capcom|1440358
mtlchamp.zip|Martial Champion|7.1M - Fighting/2p - (c)1993 Konami|7470038
mtwins.zip|Mega Twins (also known as Chiki Chiki Boys)|1.4M - Platform/2p - (c)1990 Capcom|1435432
mutantf.zip|Mutant Fighter (also known as Death Brade)|4.2M - Fighting/2p - (c)1992 Leprechaun|4373175
mvscu.zip|Marvel vs. Capcom: Clash of Super Heroes|21.6M - Fighting/4p - (c)1998 Capcom|22699736
mwalk.zip|Michael Jackson's Moonwalker|1.9M - Beat 'em up/2p - (c)1990 Sega|1942192
myhero.zip|My Hero (also known as Seishun Scandal)|75.7K - Beat 'em up/2p - (c)1985 Sega|77500
mysticri.zip|Mystic Riders|1.4M - Shoot 'em up/2p - (c)1992 Irem|1468954
mystwarr.zip|Mystic Warriors|6.1M - Beat 'em up/4p - (c)1993 Konami|6445003
narc.zip|NARC|2.6M - Run and gun/2p - (c)1988 Midway|2772027
nastar.zip|Nastar Warrior (also known as Rastan Saga II)|1.3M - Platform/2p - (c)1988 Taito|1335737
nbahangt.zip|NBA Hang Time|16.1M - Sports/4p - (c)1996 Midway|16880612
nbajam.zip|NBA Jam|6.1M - Sports/4p - (c)1993 Midway|6352651
nbajamte.zip|NBA Jam: Tournament Edition|5.2M - Sports/4p - (c)1994 Midway|5499965
nbamht.zip|NBA Maximum Hang Time|16.1M - Sports/4p - (c)1996 Midway|16883252
nbbatman.zip|Ninja Baseball Bat Man|3.4M - Beat 'em up/4p - (c)1993 Irem|3544044
nemesis.zip|Nemsis (also known as Gradius)|119.7K - Shoot 'em up/2p - (c)1985 Konami|122584
nemo.zip|Nemo|1.3M - Platform/2p - (c)1990 Capcom|1340367
neobattl.zip|SD Gundam Neo Battling|1.2M - Shoot 'em up/2p - (c)1992 Banpresto|1231676
nightstr.zip|Night Striker|3.2M - Rail shooter/1p - (c)1989 Taito|3382367
ninjak.zip|The Ninja Kids|1.9M - Beat 'em up/4p - (c)1990 Taito|1978457
ninjakun.zip|Ninja-kun: Majou no Bouken (also known as Ninja Kid)|46.0K - Platform/2p - (c)1984 Taito|47075
ninjaw.zip|The Ninja Warriors|2.7M - Beat 'em up/2p - (c)1988 Taito|2839522
ninjemak.zip|Ninja Emaki|214.6K - Run and gun/2p - (c)1986 Nichibutsu|219787
nitedrvr.zip|Night Driver|3.5K - Racing/2p - (c)1976 Atari|3556
nitrobal.zip|Nitro Ball|4.2M - Shooter/3p - (c)1992 Data East|4410688
nost.zip|Nostradamus|2.7M - Shoot 'em up/2p - (c)1993 Face|2839361
nova2001u.zip|Nova 2001|30.0K - Shoot 'em up/2p - (c)1984 Universal|30691
nrallyx.zip|Neo Rally-X|14.3K - Action/2p - (c)1981 Namco|14670
nslasheru.zip|Night Slashers|8.1M - Beat 'em up/3p - (c)1993 Data East|8520960
nspirit.zip|Ninja Spirit|571.9K - Platform/2p - (c)1988 Irem|585631
nwarru.zip|Night Warriors: Darkstalkers' Revenge|19.2M - Fighting/2p - (c)1995 Capcom|20123638
olds.zip|Oriental Legend Super|20.1M - Beat 'em up/4p - (c)1998 IGS|21070662
oldsplus.zip|Oriental Legend 2|22.0M - Beat 'em up/4p - (c)2004 IGS|23069571
omegaf.zip|Omega Fighter|486.9K - Shoot 'em up/2p - (c)1989 UPL|498603
omegrace.zip|Omega Race|15.1K - Shoot 'em up/2p - (c)1981 Midway|15458
opaopa.zip|Opa Opa (also known as Fantasy Zone: The Maze)|163.7K - Action/2p - (c)1987 Sega|167656
openice.zip|2-on-2 Open Ice Challenge|13.9M - Sports/4p - (c)1995 Midway|14589749
opwolf.zip|Operation Wolf|867.4K - Gallery shooter/1p - (c)1987 Taito|888205
opwolf3.zip|Operation Wolf 3|7.3M - Gallery shooter/2p - (c)1994 Taito|7639955
ordyne.zip|Ordyne|1.2M - Shoot 'em up/2p - (c)1988 Namco|1270544
orlegend.zip|Oriental Legend|16.5M - Beat 'em up/4p - (c)1997 IGS|17288583
oscar.zip|Psycho-Nics Oscar|264.6K - Run and gun/2p - (c)1988 Data East|270950
osman.zip|Osman (also known as Cannon-Dancer)|6.3M - Platform/1p - (c)1996 Mitchell|6627697
othunder.zip|Operation Thunderbolt|1.7M - Gallery shooter/2p - (c)1988 Taito|1831394
outrun.zip|OutRun|856.4K - Racing/1p - (c)1986 Sega|877001
outzone.zip|Out Zone|929.9K - Run and gun/2p - (c)1990 Romstar|952246
ozmawars.zip|Ozma Wars|8.8K - Shoot 'em up/2p - (c)1979 SNK|9002
p47.zip|P-47: The Phantom Fighter (also known as P-47: The Freedom Fighter)|699.3K - Shoot 'em up/2p - (c)1988 Jaleco|716099
pacland.zip|Pac-Land|71.2K - Platform/2p - (c)1984 Bally/Midway|72938
pacman.zip|Pac-Man|13.8K - Action/2p - (c)1980 Midway|14123
pacmania.zip|Pac-Mania|249.7K - Action/2p - (c)1987 Atari|255686
pacnpal.zip|Pac & Pal|21.8K - Action/2p - (c)1983 Namco|22280
palamed.zip|Palamedes|134.8K - Puzzle/2p - (c)1990 Taito|138005
pang3.zip|Pang! 3 (also known as Buster Buddies)|1.5M - Action/2p - (c)1995 Mitchell|1536927
parodius.zip|Parodius! From Myth to Laughter|1.3M - Shoot 'em up/2p - (c)1990 Konami|1413829
pdrift.zip|Power Drift|3.0M - Racing/2p - (c)1988 Sega|3117844
penbros.zip|Penguin Brothers|7.1M - Platform/2p - (c)2000 Subsino|7476899
pengo.zip|Pengo|28.5K - Action/2p - (c)1982 Sega|29191
phelios.zip|Phelios|1.4M - Shoot 'em up/2p - (c)1988 Namco|1519800
phoenix.zip|Phoenix|16.0K - Shoot 'em up/2p - (c)1980 Centuri|16359
phozon.zip|Phozon|30.9K - Action/2p - (c)1983 Namco|31616
pipedrm.zip|Pipe Dream|1.0M - Puzzle/2p - (c)1990 Video System|1086477
pirates.zip|Pirates|3.3M - Gallery shooter/2p - (c)1994 Nix|3412862
pitfight.zip|Pit-Fighter|1.9M - Fighting/3p - (c)1990 Atari|1984351
pkunwar.zip|Penguin-kun Wars|47.6K - Action/2p - (c)1985 UPL|48749
plegends.zip|Gogetsuji Legends (also known as Power Instinct Legends)|16.6M - Fighting/2p - (c)1995 Atlus|17405356
plotting.zip|Plotting (also known as Flipull)|73.4K - Puzzle/2p - (c)1989 Taito|75202
plusalph.zip|Plus Alpha|990.9K - Shoot 'em up/2p - (c)1989 Jaleco|1014633
pnickj.zip|Pnickies|750.5K - Puzzle/2p - (c)1994 Capcom|768480
pooyan.zip|Pooyan|33.9K - Action/2p - (c)1982 Stern|34710
popeye.zip|Popeye|39.8K - Platform/2p - (c)1983 Nintendo|40741
popnpop.zip|Pop'n Pop|5.4M - Puzzle/2p - (c)1997 Taito|5652566
pow.zip|P.O.W.: Prisoners of War|787.5K - Beat 'em up/2p - (c)1988 SNK|806437
powerdrv.zip|Power Drive|190.7K - Racing/3p - (c)1987 Bally/Midway|195303
powerins.zip|Power Instinct (also known as Gouketsuji Ichizoku)|6.6M - Fighting/2p - (c)1993 Atlus|6936329
prehisle.zip|Prehistoric Isle in 1930|677.3K - Shoot 'em up/2p - (c)1989 SNK|693528
progear.zip|Progear|13.2M - Shoot 'em up/2p - (c)2001 Capcom|13800478
psychos.zip|Psycho Soldier|656.7K - Platform/2p - (c)1987 SNK|672503
puchicar.zip|Puchi Carat|8.6M - Puzzle/2p - (c)1997 Taito|9032071
pulirula.zip|Pu-Li-Ru-La|2.2M - Beat 'em up/2p - (c)1991 Taito|2315742
punchout.zip|Punch-Out!!|161.2K - Sports/1p - (c)1984 Nintendo|165063
punisher.zip|The Punisher|3.9M - Beat 'em up/2p - (c)1993 Capcom|4042628
puzznic.zip|Puzznic|54.8K - Puzzle/1p - (c)1989 Taito|56119
pwrinst2.zip|Power Instinct 2 (also known as Gouketsuji Ichizoku 2)|14.4M - Fighting/2p - (c)1994 Atlus|15137352
qad.zip|Quiz & Dragons|1.0M - Trivia/2p - (c)1992 Capcom|1095855
qbert.zip|Q*bert|25.3K - Action/2p - (c)1982 Gottlieb|25942
qix.zip|Qix|22.8K - Puzzle/2p - (c)1981 Taito|23351
quartet.zip|Quartet|323.0K - Platform/4p - (c)1986 Sega|330747
quartet2.zip|Quartet 2|324.2K - Platform/4p - (c)1986 Sun Corporation|331960
quester.zip|Quester|156.4K - Action/2p - (c)1987 Namco|160104
rabbit.zip|Rabbit|9.7M - Fighting/2p - (c)1997 Electronic Arts|10173007
rachero.zip|Racing Hero|1.4M - Racing/1p - (c)1989 Sega|1489830
raflesia.zip|Rafflesia|78.7K - Shoot 'em up/2p - (c)1986 Sega|80542
raiden.zip|Raiden|972.5K - Shoot 'em up/2p - (c)1990 Fabtek|995800
raiden2.zip|Raiden II|10.2M - Shoot 'em up/2p - (c)1993 Fabtek|10654466
raidendxu.zip|Raiden DX|10.8M - Shoot 'em up/2p - (c)1994 Fabtek|11342559
raimais.zip|Raimais|864.3K - Action/2p - (c)1988 Taito|885091
rallybik.zip|Rally Bike (also known as Dash Yarou)|369.1K - Racing/2p - (c)1988 Taito|377947
rallyx.zip|Rally-X|13.6K - Action/2p - (c)1981 Midway|13890
rambo3u.zip|Rambo III|1.4M - Gallery shooter/2p - (c)1989 Romstar|1491704
rampage.zip|Rampage|251.4K - Action/6p - (c)1986 Bally/Midway|257472
raphero.zip|Rapid Hero (also known as Arcadia)|6.2M - Shoot 'em up/2p - (c)1994 NMK|6457361
rastan.zip|Rastan (also known as Rastan Saga)|511.5K - Platform/1p - (c)1987 Taito|523814
rbisland.zip|Rainbow Islands|438.2K - Platform/2p - (c)1987 Taito|448757
rdaction.zip|Rad Action (also known as Ninja Kid II)|210.5K - Platform/2p - (c)1987 World Games|215581
redbaron.zip|Red Baron|17.0K - Flight simulator/1p - (c)1981 Atari|17371
redearth.zip|Red Earth (also known as War-Zard)|36.6M - Fighting/2p - (c)1996 Capcom|38374386
regulus.zip|Regulus|75.7K - Shoot 'em up/2p - (c)1983 Sega|77546
relief.zip|Relief Pitcher|2.1M - Sports/2p - (c)1992 Atari|2235512
renegade.zip|Renegade (also known as Nekketsu Kouha Kunio-kun)|369.0K - Beat 'em up/2p - (c)1986 Taito|377866
retofinv.zip|Return of the Invaders|48.2K - Shoot 'em up/2p - (c)1985 Taito|49339
rezon.zip|Rezon|1.2M - Shoot 'em up/2p - (c)1991 Allumer|1252383
ringdest.zip|Ring of Destruction: Slam Masters II|12.4M - Sports/2p - (c)1994 Capcom|13008033
ringking.zip|Ring King (also known as King of Boxer)|136.7K - Sports/2p - (c)1985 Data East|139933
ringrage.zip|Ring Rage|5.3M - Sports/4p - (c)1992 Taito|5533893
riotcity.zip|Riot City|1.2M - Beat 'em up/2p - (c)1991 Sega|1235882
riskchal.zip|Risky Challenge (also known as Gusson Oyoyo)|1.3M - Puzzle/2p - (c)1993 Irem|1369761
rmpgwt.zip|Rampage World Tour|12.8M - Action/3p - (c)1997 Midway|13422541
roadf.zip|Road Fighter|71.1K - Racing/2p - (c)1984 Konami|72763
robocop.zip|RoboCop|394.3K - Run and gun/2p - (c)1988 Data East|403811
robocop2u.zip|RoboCop 2|2.6M - Run and gun/2p - (c)1991 Data East|2681393
robokid.zip|Atomic Robo-Kid|607.0K - Shoot 'em up/2p - (c)1989 UPL|621599
robotron.zip|Robotron: 2084|36.3K - Shoot 'em up/2p - (c)1982 Williams Electronics|37124
rockrage.zip|Rock'n Rage|285.9K - Run and gun/2p - (c)1986 Konami|292808
rocnrope.zip|Roc'n Rope|48.9K - Platform/2p - (c)1983 Konami|50109
rodland.zip|Rod Land|1.1M - Platform/2p - (c)1990 Jaleco|1104411
rohga.zip|Rohga: Armor Force (also known as Wolf Fang)|4.0M - Shoot 'em up/2p - (c)1991 Data East|4194146
roishtar.zip|The Return of Ishtar|111.7K - Action/2p - (c)1986 Namco|114339
rolcrush.zip|Rolling Crush|2.2M - Action/2p - (c)1999 SemiCom/Trust|2275300
rollerg.zip|Rollergames|1.5M - Sports/4p - (c)1991 Konami|1552395
rpunch.zip|Rabbit Punch (also known as Rabio Lepus)|491.3K - Shoot 'em up/2p - (c)1987 Midway|503078
rshark.zip|R-Shark|1.7M - Shoot 'em up/2p - (c)1994 Dooyong|1734486
rthun2.zip|Rolling Thunder 2|1.9M - Run and gun/2p - (c)1990 Namco|1976351
rthunder.zip|Rolling Thunder|340.8K - Run and gun/2p - (c)1987 Atari|349011
rtype.zip|R-Type|377.3K - Shoot 'em up/2p - (c)1987 Irem|386392
rtype2.zip|R-Type II|911.7K - Shoot 'em up/2p - (c)1989 Capcom|933551
rtypeleo.zip|R-Type Leo|2.1M - Shoot 'em up/2p - (c)1992 Irem|2218997
rushatck.zip|Rush'n Attack (also known as Green Beret)|64.3K - Run and gun/2p - (c)1985 Konami|65884
rygar.zip|Rygar (also known as Argos no Senshi)|226.1K - Platform/2p - (c)1986 Tecmo|231574
ryujin.zip|Ryu Jin|1.5M - Shoot 'em up/2p - (c)1993 Taito|1579398
s1945.zip|Strikers 1945|5.2M - Shoot 'em up/2p - (c)1995 Psikyo|5455851
s1945ii.zip|Strikers 1945 II|17.5M - Shoot 'em up/2p - (c)1997 Psikyo|18307306
s1945iii.zip|Strikers 1945 III|21.3M - Shoot 'em up/2p - (c)1999 Psikyo|22384556
sagaia.zip|Sagaia (also known as Darius II)|2.4M - Shoot 'em up/2p - (c)1989 Romstar|2552842
sailormnu.zip|Pretty Soldier Sailor Moon|13.6M - Beat 'em up/2p - (c)1995 Sega|14219122
samuraia.zip|Samurai Aces (also known as Sengoku Aces)|2.7M - Shoot 'em up/2p - (c)1993 Psikyo|2810207
sandscrp.zip|Sand Scorpion|903.0K - Shoot 'em up/2p - (c)1992 Face|924722
sasuke.zip|Sasuke vs. Commander|14.2K - Shoot 'em up/2p - (c)1980 SNK|14496
savgbees.zip|Savage Bees (also known as Exed Exes)|72.9K - Shoot 'em up/2p - (c)1985 Memetron|74646
sbagman.zip|Super Bagman|34.2K - Platform/2p - (c)1984 Stern|35002
sbasketb.zip|Super Basketball|64.3K - Sports/2p - (c)1984 Konami|65825
sbbros.zip|Super Buster Bros. (also known as Super Pang)|620.6K - Action/2p - (c)1990 Capcom|635513
sbomber.zip|Space Bomber|16.9M - Shoot 'em up/2p - (c)1998 Psikyo|17716784
sci.zip|S.C.I.: Special Criminal Investigation|2.9M - Racing/1p - (c)1989 Taito|3064684
scobra.zip|Super Cobra|20.2K - Shoot 'em up/2p - (c)1981 Stern|20677
scontra.zip|Super Contra|1.2M - Run and gun/2p - (c)1988 Konami|1222737
scramble.zip|Scramble|15.3K - Shoot 'em up/2p - (c)1981 Stern|15625
sdungeon.zip|Space Dungeon|32.1K - Shoot 'em up/2p - (c)1981 Taito|32891
searchar.zip|SAR: Search and Rescue|1.5M - Run and gun/2p - (c)1989 SNK|1573331
sectionz.zip|Section-Z|194.3K - Shoot 'em up/2p - (c)1985 Capcom|198965
seganinj.zip|Sega Ninja (also known as Ninja Princess)|91.4K - Run and gun/2p - (c)1985 Sega|93617
seicross.zip|Seicross (also known as Sector Zone)|25.9K - Shoot 'em up/2p - (c)1984 Nichibutsu|26568
sf.zip|Street Fighter|1.1M - Fighting/2p - (c)1987 Capcom|1153896
sf2.zip|Street Fighter II: The World Warrior|3.4M - Fighting/2p - (c)1991 Capcom|3550647
sf2ce.zip|Street Fighter II': Champion Edition|3.4M - Fighting/2p - (c)1992 Capcom|3584791
sfa2u.zip|Street Fighter Alpha 2|13.0M - Fighting/2p - (c)1996 Capcom|13683543
sfa3u.zip|Street Fighter Alpha 3|22.3M - Fighting/2p - (c)1998 Capcom|23349505
sfau.zip|Street Fighter Alpha|7.0M - Fighting/2p - (c)1995 Capcom|7363806
sfiii2.zip|Street Fighter III: 2nd Impact|41.7M - Fighting/2p - (c)1998 Capcom|43777198
sfiii3u.zip|Street Fighter III: 3rd Strike|67.3M - Fighting/2p - (c)1999 Capcom|70592131
sfiiiu.zip|Street Fighter III: New Generation|37.1M - Fighting/2p - (c)1997 Capcom|38868493
sgemf.zip|Super Gem Fighter Mini Mix (also known as Pocket Fighter)|15.7M - Fighting/2p - (c)1997 Capcom|16426315
sgunner.zip|Steel Gunner|2.0M - Gallery shooter/2p - (c)1990 Namco|2063004
sgunner2.zip|Steel Gunner 2|2.8M - Gallery shooter/2p - (c)1991 Namco|2887242
shackled.zip|Shackled (also known as Breywood)|271.4K - Action/2p - (c)1986 Data East|277885
shadfrce.zip|Shadow Force|5.0M - Beat 'em up/2p - (c)1992 Technos|5261014
shadowld.zip|Youkai Douchuuki (also known as Shadow Land)|882.5K - Platform/2p - (c)1987 Namco|903630
shangha3.zip|Shanghai III|985.1K - Board game/2p - (c)1993 Sunsoft|1008782
shangon.zip|Super Hang-On|675.4K - Racing/1p - (c)1987 Sega|691577
sharrier.zip|Space Harrier|737.4K - Rail shooter/1p - (c)1985 Sega|755119
shdancer.zip|Shadow Dancer|1.5M - Platform/2p - (c)1989 Sega|1623461
shimpact.zip|Super High Impact|2.2M - Sports/4p - (c)1991 Midway|2289701
shinobi.zip|Shinobi|461.5K - Platform/2p - (c)1987 Sega|472613
shogwarr.zip|Shogun Warriors (also known as Fujiyama Buster)|5.4M - Fighting/2p - (c)1992 Kaneko|5642486
shollow.zip|Satan's Hollow|44.8K - Shoot 'em up/2p - (c)1982 Bally/Midway|45848
sidearms.zip|Side Arms: Hyper Dyne|311.0K - Shoot 'em up/2p - (c)1986 Capcom|318414
sidepckt.zip|Side Pocket|87.6K - Sports/2p - (c)1986 Data East|89746
silentd.zip|Silent Dragon|2.8M - Beat 'em up/2p - (c)1992 Taito|2887513
silkroad.zip|The Legend of Silkroad|11.7M - Beat 'em up/3p - (c)1999 Unico|12309151
silkworm.zip|Silk Worm|329.5K - Shoot 'em up/2p - (c)1988 Tecmo|337358
simpsons2p.zip|The Simpsons|2.4M - Beat 'em up/4p - (c)1991 Konami|2486546
sinistar.zip|Sinistar|50.1K - Shoot 'em up/2p - (c)1982 Williams Electronics|51319
skingame.zip|The Irem Skins Game|1.7M - Sports/4p - (c)1992 Irem|1811642
skullfng.zip|Skull Fang|10.7M - Shoot 'em up/2p - (c)1996 Data East|11229189
skullxbo.zip|Skull & Crossbones|1.2M - Beat 'em up/2p - (c)1989 Atari|1264923
skyadvnt.zip|Sky Adventure|986.1K - Shoot 'em up/2p - (c)1989 SNK|1009775
skyfox.zip|Sky Fox (also known as Exerizer)|133.1K - Shoot 'em up/2p - (c)1987 Nichibutsu|136252
skykid.zip|Sky Kid|50.8K - Shoot 'em up/2p - (c)1985 Electrocoin|51988
skyshark.zip|Sky Shark|284.2K - Shoot 'em up/2p - (c)1987 Taito|291000
skyskipr.zip|Sky Skipper|34.8K - Action/2p - (c)1982 Nintendo|35629
skysoldr.zip|Sky Soldiers|943.9K - Shoot 'em up/2p - (c)1988 Romstar|966546
slammast.zip|Saturday Night Slam Masters (also known as Muscle Bomber: The Body Explosion)|6.3M - Sports/4p - (c)1993 Capcom|6589085
slyspy.zip|Sly Spy (also known as Secret Agent)|548.8K - Run and gun/2p - (c)1989 Data East|561981
smashtv.zip|Smash T.V.|707.2K - Run and gun/2p - (c)1990 Williams Electronics|724207
smgp.zip|Super Monaco GP|1.7M - Racing/1p - (c)1990 Sega|1826464
snowbro2.zip|Snow Bros. 2: With New Elves|1.7M - Platform/2p - (c)1994 Toaplan|1807997
snowbros.zip|Snow Bros.|282.9K - Platform/2p - (c)1990 Toaplan|289681
solarfox.zip|Solar Fox|33.9K - Shoot 'em up/2p - (c)1981 Bally/Midway|34706
soldivid.zip|Sol Divide: Sword of Darkness|13.8M - Shoot 'em up/2p - (c)1997 Psikyo|14440274
solomon.zip|Solomon's Key|105.4K - Puzzle/1p - (c)1986 Tecmo|107930
solrwarr.zip|Solar Warrior (also known as Xain'd Sleena and Soldier of Light)|392.2K - Run and gun/2p - (c)1986 Memetron|401610
sonson.zip|Son Son|63.2K - Platform/2p - (c)1984 Capcom|64728
spacduel.zip|Space Duel|19.7K - Shoot 'em up/2p - (c)1982 Atari|20209
spacedx.zip|Space Invaders DX|517.9K - Shoot 'em up/2p - (c)1993 Taito|530379
spacegun.zip|Space Gun|3.0M - Gallery shooter/2p - (c)1990 Taito|3138425
spacfury.zip|Space Fury|27.6K - Shoot 'em up/2p - (c)1981 Sega|28309
spdodgeb.zip|Super Dodge Ball (also known as Nekketsu Koukou Dodgeball Bu)|316.4K - Sports/2p - (c)1987 Technos|323991
spelunk2.zip|Spelunker II: 23 no Kagi|133.3K - Platform/2p - (c)1986 Irem|136512
spelunkr.zip|Spelunker|105.0K - Platform/2p - (c)1986 Irem|107469
spf2t.zip|Super Puzzle Fighter II Turbo|5.0M - Puzzle/2p - (c)1996 Capcom|5243337
splatter.zip|Splatterhouse|1.1M - Beat 'em up/2p - (c)1989 Atari|1183817
spnchout.zip|Super Punch-Out!!|173.2K - Sports/1p - (c)1985 Nintendo|177308
spy.zip|S.P.Y. Special Project Y|982.9K - Beat 'em up/2p - (c)1989 Konami|1006508
spyhunt.zip|Spy Hunter|104.1K - Vehicular combat/1p - (c)1983 Bally/Midway|106627
sranger.zip|Super Ranger (also known as Rough Ranger)|166.6K - Run and gun/2p - (c)1988 SunA Electronics|170649
srdarwin.zip|Super Real Darwin|187.9K - Shoot 'em up/2p - (c)1987 Data East|192458
srumbler.zip|The Speed Rumbler (also known as Rush & Crash)|344.1K - Vehicular combat/2p - (c)1986 Capcom|352346
ssf2.zip|Super Street Fighter II|9.9M - Fighting/2p - (c)1993 Capcom|10330846
ssf2t.zip|Super Street Fighter II Turbo: Hyper Fighting|11.3M - Fighting/2p - (c)1994 Capcom|11892505
ssi.zip|Super Space Invaders '91|585.8K - Shoot 'em up/2p - (c)1990 Taito|599908
ssoldier.zip|Superior Soldiers (also known as Perfect Soldiers)|4.4M - Fighting/2p - (c)1993 Irem|4626021
sspirits.zip|Scramble Spirits|784.1K - Shoot 'em up/2p - (c)1988 Sega|802906
ssridersubc.zip|ssridersubc|2.2M|2274406
sstriker.zip|Sorcer Striker|1.3M - Shoot 'em up/2p - (c)1993 Eighting/Raizing|1391313
stargate.zip|Stargate (also known as Defender II)|36.3K - Shoot 'em up/2p - (c)1981 Williams Electronics|37207
startrek.zip|Star Trek: Strategic Operations Simulator|43.0K - Flight simulator/2p - (c)1982 Sega|43999
starwars.zip|Star Wars|45.6K - Rail shooter/1p - (c)1983 Atari|46646
stdragon.zip|Saint Dragon|1.0M - Shoot 'em up/2p - (c)1989 Jaleco|1062881
stg.zip|Strike Gunner S.T.G.|1.7M - Shoot 'em up/2p - (c)1991 Tecmo|1753760
stinger.zip|Stinger|48.7K - Shoot 'em up/2p - (c)1983 Seibu Denshi|49919
stmblade.zip|Storm Blade|7.3M - Shoot 'em up/2p - (c)1996 Visco|7652317
stonebal2.zip|Stone Ball|3.1M - Sports/4p - (c)1994 Art & Magic|3229802
storming.zip|Storming Party (also known as L.S.A. Squad)|158.3K - Shoot 'em up/2p - (c)1986 Taito|162121
stratgyx.zip|Strategy X|21.5K - Shoot 'em up/2p - (c)1981 Stern|22018
stratof.zip|Strato Fighter (also known as Twin Kaiser)|747.7K - Shoot 'em up/2p - (c)1991 Tecmo|765614
streetsm.zip|Street Smart|1.3M - Beat 'em up/2p - (c)1989 SNK|1327100
strider.zip|Strider|2.0M - Platform/2p - (c)1989 Capcom|2101117
strkfgtr.zip|Strike Fighter (also known as Sega Strike Fighter)|6.1M - Flight simulator/1p - (c)2000 Sega|6394421
supbtime.zip|Super BurgerTime|566.9K - Action/2p - (c)1990 Data East|580485
superchs.zip|Super Chase: Criminal Termination|8.5M - Racing/1p - (c)1992 Taito|8907600
superman.zip|Superman|1.2M - Beat 'em up/2p - (c)1988 Taito|1231569
superpac.zip|Super Pac-Man|16.3K - Action/2p - (c)1982 Bally/Midway|16653
superx.zip|Super-X|1.7M - Shoot 'em up/2p - (c)1994 Mitchell|1822492
suprglob.zip|Super Glob (also known as The Glob and Beastie Feastie)|18.4K - Action/2p - (c)1983 Epos|18868
suratk.zip|Surprise Attack|658.7K - Platform/2p - (c)1990 Konami|674536
svg.zip|Spectral vs. Generation|25.2M - Fighting/2p - (c)2005 IGS|26395300
svolley.zip|Super Volleyball|378.4K - Sports/2p - (c)1989 Video System|387452
swatpolc.zip|SWAT Police|2.2M - Gallery shooter/2p - (c)2001 ESD|2254963
sxevious.zip|Super Xevious|42.8K - Shoot 'em up/2p - (c)1984 Namco|43805
syvalionw.zip|Syvalion|1.7M - Action/2p - (c)1988 Taito|1803177
szaxxon.zip|Super Zaxxon|38.4K - Shoot 'em up/2p - (c)1982 Sega|39297
tacscan.zip|Tac/Scan|33.4K - Shoot 'em up/2p - (c)1982 Sega|34249
tagteam.zip|Tag Team Wrestling|100.7K - Sports/1p - (c)1984 Nihon Bussan|103152
tankfrce.zip|Tank Force|662.5K - Shoot 'em up/2p - (c)1991 Namco|678432
tapper.zip|Tapper|87.0K - Action/2p - (c)1983 Bally/Midway|89037
tattass.zip|Tattoo Assassins|12.5M - Fighting/2p - (c)199X Data East|13140481
tbowl.zip|Tecmo Bowl|424.9K - Sports/4p - (c)1987 Tecmo|435109
tcobra2.zip|Twin Cobra II (also known as Kyuukyoku Tiger II)|6.3M - Shoot 'em up/2p - (c)1996 Taito|6558525
tdragon.zip|Thunder Dragon|1.2M - Shoot 'em up/2p - (c)1991 Tecmo|1271491
tdragon2.zip|Thunder Dragon 2|3.9M - Shoot 'em up/2p - (c)1993 NMK|4040539
teddybb.zip|Teddy Boy Blues|81.7K - Platform/2p - (c)1985 Sega|83652
tempest.zip|Tempest|20.1K - Shooter/2p - (c)1981 Atari|20623
tengai.zip|Tengai (also known as Sengoku Blade)|6.2M - Shoot 'em up/2p - (c)1996 Psikyo|6500431
term2.zip|Terminator 2: Judgment Day (also known as T2: The Arcade Game)|4.3M - Gallery shooter/2p - (c)1991 Midway|4548813
terracre.zip|Terra Cresta|128.4K - Shoot 'em up/2p - (c)1985 Nihon Bussan|131454
tetrisp2.zip|Tetris Plus 2|6.8M - Puzzle/2p - (c)1997 Jaleco|7112857
tgm2.zip|Tetris the Absolute: The Grand Master 2|19.7M - Puzzle/2p - (c)2000 Psikyo|20694197
tgm2p.zip|Tetris the Absolute: The Grand Master 2 PLUS|19.7M - Puzzle/2p - (c)2000 Psikyo|20701381
tharrier.zip|Task Force Harrier|1.2M - Shoot 'em up/2p - (c)1989 UPL|1287950
thedeep.zip|The Deep|270.2K - Action/2p - (c)1987 Woodplace|276656
theglad.zip|The Gladiator (also known as Tougenkyou: Road of the Sword)|20.4M - Beat 'em up/4p - (c)2003 IGS|21421389
thndrbld.zip|Thunder Blade|1.3M - Shoot 'em up/1p - (c)1987 Sega|1315193
thndrx2.zip|Thunder Cross II|1.0M - Shoot 'em up/2p - (c)1991 Konami|1053248
thoop.zip|Thunder Hoop|2.8M - Platform/2p - (c)1992 Gaelco|2900831
thunderj.zip|ThunderJaws|1.5M - Run and gun/2p - (c)1990 Atari|1549997
thunderl.zip|Thunder & Lightning|1.0M - Puzzle/2p - (c)1990 Romstar|1083460
thunderx.zip|Thunder Cross|506.9K - Shoot 'em up/2p - (c)1988 Konami|519047
thundfox.zip|Thunder Fox|1.7M - Action/2p - (c)1990 Taito|1757989
tigerh.zip|Tiger-Heli|94.6K - Shoot 'em up/2p - (c)1985 Taito|96909
tigeroad.zip|Tiger Road|939.6K - Platform/2p - (c)1987 Romstar|962176
timber.zip|Timber|83.9K - Action/2p - (c)1984 Bally/Midway|85901
timekill.zip|Time Killers|7.6M - Fighting/2p - (c)1992 Strata|8010148
timeplt.zip|Time Pilot|27.8K - Shoot 'em up/2p - (c)1982 Centuri|28494
timesold.zip|Time Soldiers (also known as Battle Field)|890.4K - Run and gun/2p - (c)1987 Romstar|911725
tkdensho.zip|Toukindenshou Angel Eyes|13.8M - Fighting/2p - (c)1996 Tecmo|14423230
tknight.zip|Tecmo Knight (also known as Wild Fang)|1.1M - Beat 'em up/2p - (c)1989 Tecmo|1127095
tmnt22pu.zip|Teenage Mutant Ninja Turtles: Turtles in Time|3.2M - Beat 'em up/4p - (c)1991 Konami|3309807
tmnt2po.zip|Teenage Mutant Ninja Turtles|1.8M - Beat 'em up/2p - (c)1989 Konami|1847654
tndrcade.zip|Thundercade (also known as Twin Formation)|820.2K - Shoot 'em up/2p - (c)1987 Romstar|839895
tnextspc.zip|The Next Space|257.9K - Shoot 'em up/2p - (c)1989 SNK|264140
tnk3.zip|T.N.K. III (also known as T.A.N.K.)|103.0K - Shoot 'em up/2p - (c)1985 SNK|105444
tnzs.zip|The New Zealand Story (also known as Kiwi Kraze)|435.6K - Platform/2p - (c)1988 Taito|446044
todruaga.zip|The Tower of Druaga (also known as Druaga no Tou)|33.0K - Action-adventure/2p - (c)1984 Namco|33801
toki.zip|Toki|1.0M - Platform/2p - (c)1989 TAD Corporation|1057836
tokisens.zip|Toki no Senshi: Chrono Soldier|121.0K - Run and gun/2p - (c)1987 Sega|123882
toobin.zip|Toobin'|915.9K - Action/2p - (c)1988 Atari|937849
topspeed.zip|Top Speed (also known as Full Throttle)|1.1M - Racing/1p - (c)1987 Romstar|1204470
totcarn.zip|Total Carnage|1.9M - Run and gun/2p - (c)1991 Midway|1969508
toutrun.zip|Turbo OutRun|1.1M - Racing/1p - (c)1989 Sega|1165677
toyland.zip|Toy Land Adventure|4.6M - Platform/2p - (c)2001 SemiCom|4809873
toypop.zip|Toy Pop|53.6K - Action/2p - (c)1986 Namco|54934
tp84.zip|Time Pilot '84|51.4K - Shoot 'em up/2p - (c)1984 Konami|52647
trackfld.zip|Track & Field|63.3K - Sports/4p - (c)1983 Konami|64822
triothep.zip|Trio the Punch: Never Forget Me...|428.3K - Beat 'em up/2p - (c)1989 Data East|438575
trog.zip|Trog|872.3K - Action/4p - (c)1990 Bally/Midway|893236
trojan.zip|Trojan|320.9K - Platform/2p - (c)1986 Capcom|328578
tron.zip|Tron|47.1K - Action/2p - (c)1982 Bally/Midway|48275
trophyh.zip|Trophy Hunting: Bear & Moose|18.7M - Sports/2p - (c)2003 Sammy Studios|19646016
truxton.zip|Truxton (also known as Tatsujin)|564.7K - Shoot 'em up/2p - (c)1988 Toaplan|578285
truxton2.zip|Truxton II|1.3M - Shoot 'em up/2p - (c)1992 Toaplan|1385520
tturf.zip|Tough Turf|525.2K - Beat 'em up/2p - (c)1988 Sega|537852
tumblep.zip|Tumblepop|1.0M - Platform/2p - (c)1991 Leprechaun|1074063
turbo.zip|Turbo|61.9K - Racing/1p - (c)1981 Sega|63350
turbofrc.zip|Turbo Force|2.2M - Shoot 'em up/2p - (c)1991 Video System|2294328
turkhunt.zip|Turkey Hunting USA|22.8M - Sports/2p - (c)2000 Sammy Studios|23927669
tutankhm.zip|Tutankham|25.4K - Action/2p - (c)1982 Stern|25978
twinactn.zip|Twin Action|736.7K - Shoot 'em up/2p - (c)1995 Afega|754338
twinbee.zip|TwinBee|95.3K - Shoot 'em up/2p - (c)1985 Konami|97550
twincobr.zip|Twin Cobra (also known as Kyuukyoku Tiger)|378.9K - Shoot 'em up/2p - (c)1987 Taito|387946
twineag2.zip|Twin Eagle II: The Rescue Mission|12.4M - Shoot 'em up/2p - (c)1994 SETA Corporation|12975682
twineagl.zip|Twin Eagle: Revenge Joe's Brother|2.4M - Shoot 'em up/2p - (c)1988 Taito|2477358
twinfalc.zip|Twin Falcons|216.7K - Shoot 'em up/2p - (c)1989 Philko|221882
twinhawk.zip|Twin Hawk (also known as Daisenpuu)|789.4K - Shoot 'em up/2p - (c)1989 Taito|808376
twocrude.zip|Two Crude (also known as Two Crude Dudes and Crude Buster)|1.5M - Beat 'em up/2p - (c)1990 Data East|1524607
uccops.zip|Undercover Cops|3.3M - Beat 'em up/3p - (c)1992 Irem|3414290
umk3.zip|Ultimate Mortal Kombat 3|21.1M - Fighting/4p - (c)1995 Midway|22108635
unsquad.zip|U.N. Squadron (also known as Area 88)|1.2M - Shoot 'em up/2p - (c)1989 Capcom|1274553
uopoko.zip|Puzzle Ou Poko|3.4M - Puzzle/2p - (c)1998 Crave Entertainment|3554014
utoukond.zip|Ultra Toukon Densetsu|3.0M - Beat 'em up/2p - (c)1993 Banpresto|3134206
valkyrie.zip|Valkyrie no Densetsu (also known as The Legend of Valkyrie)|1.5M - Action-adventure/2p - (c)1989 Namco|1573413
vangrd2.zip|Vanguard II|54.1K - Shoot 'em up/2p - (c)1984 SNK|55437
vanguard.zip|Vanguard|26.3K - Shoot 'em up/2p - (c)1981 Centuri|26924
vaportra.zip|Vapor Trail: Hyper Offence Formation (also known as Kuhga: Operation Code "Vapor Trail")|1.1M - Shoot 'em up/2p - (c)1989 Data East|1150441
varth.zip|Varth: Operation Thunderstorm|1.5M - Shoot 'em up/2p - (c)1992 Capcom|1544886
vasara.zip|Vasara|15.5M - Shoot 'em up/2p - (c)2000 Visco|16247072
vasara2.zip|Vasara 2|19.2M - Shoot 'em up/2p - (c)2001 Visco|20171962
vastar.zip|Vastar|51.7K - Shoot 'em up/2p - (c)1983 Sesame Japan|52910
vendetta2pw.zip|vendetta2pw|2.7M|2808344
vfive.zip|Grind Stormer (also known as V V)|1.1M - Shoot 'em up/2p - (c)1993 Toaplan|1115598
vhunt2.zip|Vampire Hunter 2|22.4M - Fighting/2p - (c)1997 Capcom|23460255
victroad.zip|Victory Road (also known as Dogosoken)|333.8K - Run and gun/2p - (c)1986 Tradewest|341823
vigilant.zip|Vigilante|433.2K - Beat 'em up/2p - (c)1990 Irem|443625
vindctr2.zip|Vindicators Part II|508.3K - Shoot 'em up/2p - (c)1988 Atari|520506
vindictr.zip|Vindicators|518.1K - Shoot 'em up/2p - (c)1988 Atari|530560
viostorm.zip|Violent Storm|8.2M - Beat 'em up/3p - (c)1993 Konami|8546320
vmetal.zip|Varia Metal|3.5M - Shoot 'em up/2p - (c)1995 Excellent System|3651492
volfied.zip|Volfied (also known as Ultimate Qix)|536.3K - Puzzle/2p - (c)1989 Taito|549121
vsav2.zip|Vampire Savior 2: The Lord of Vampire|22.3M - Fighting/2p - (c)1997 Capcom|23419311
vsavu.zip|Vampire Savior: The Lord of Vampire (also known as Darkstalkers 3)|22.3M - Fighting/2p - (c)1997 Capcom|23417201
vulcan.zip|Vulcan Venture (also known as Gradius II)|925.5K - Shoot 'em up/2p - (c)1988 Konami|947761
vulgus.zip|Vulgus|68.6K - Shoot 'em up/2p - (c)1984 Capcom|70281
wardner.zip|Wardner|304.9K - Platform/2p - (c)1988 Taito|312264
warriorb.zip|Warrior Blade: Rastan Saga Episode III|6.3M - Platform/2p - (c)1991 Taito|6610809
wb3.zip|Wonder Boy III: Monster Lair|382.0K - Platform/2p - (c)1988 Sega|391158
wbmlvc.zip|Wonder Boy in Monster Land|157.7K - Action-adventure/2p - (c)1987 Sega|161508
willow.zip|Willow|1.7M - Platform/2p - (c)1989 Capcom|1773778
wingforc.zip|Wing Force|2.2M - Shoot 'em up/2p - (c)199X Atlus|2334971
wizdfireu.zip|Wizard Fire (also known as Dark Seal II)|5.6M - Beat 'em up/2p - (c)1992 Data East|5876331
wndrmomo.zip|Wonder Momo|344.6K - Beat 'em up/2p - (c)1987 Namco|352834
wof.zip|Warriors of Fate|3.8M - Beat 'em up/3p - (c)1992 Capcom|3943624
worldwar.zip|World Wars|392.0K - Shoot 'em up/2p - (c)1987 SNK|401427
wrestwar.zip|Wrestle War|1,012.9K - Sports/2p - (c)1989 Sega|1037247
wrofaero.zip|War of Aero: Project MEIOU|1.3M - Shoot 'em up/2p - (c)1993 Yang Chang|1415393
wwfmania.zip|WWF WrestleMania|17.8M - Sports/2p - (c)1995 Midway|18713371
wwfsstaru7.zip|WWF Superstars|1.4M - Sports/2p - (c)1989 Technos|1510410
wwfwfest.zip|WWF WrestleFest|4.5M - Sports/4p - (c)1991 Technos|4704977
wyvernf0.zip|Wyvern F-0|94.9K - Shoot 'em up/2p - (c)1985 Taito|97170
wyvernwg.zip|Wyvern Wings (also known as Space Opera: Wyvern Wings)|7.8M - Shoot 'em up/2p - (c)2001 SemiCom|8172581
xevious.zip|Xevious|42.7K - Shoot 'em up/2p - (c)1983 Atari|43716
xexex.zip|Xexex|4.3M - Shoot 'em up/2p - (c)1991 Konami|4526649
xmcotau.zip|X-Men: Children of the Atom|19.1M - Fighting/2p - (c)1994 Capcom|20054098
xmen2pu.zip|X-Men|4.0M - Beat 'em up/6p - (c)1992 Konami|4244783
xmultipl.zip|XMultiply|834.7K - Shoot 'em up/2p - (c)1989 Irem|854685
xmvsfu.zip|X-Men vs. Street Fighter|18.7M - Fighting/2p - (c)1996 Capcom|19605657
xybots.zip|Xybots|304.4K - Shooter (TPS)/2p - (c)1987 Atari|311744
yiear.zip|Yie Ar Kung-Fu|58.3K - Fighting/2p - (c)1985 Konami|59664
zaxxon.zip|Zaxxon|34.6K - Shoot 'em up/2p - (c)1982 Sega|35446
zektor.zip|Zektor|43.7K - Shoot 'em up/2p - (c)1982 Sega|44725
zeroteam.zip|Zero Team|5.5M - Beat 'em up/4p - (c)1993 Fabtek|5812229
zerowing.zip|Zero Wing|543.4K - Shoot 'em up/2p - (c)1989 Williams Electronics|556450
zombraid.zip|Zombie Raid|6.6M - Gallery shooter/2p - (c)1995 Sammy Studios|6902862
zookeep.zip|Zoo Keeper|44.0K - Action/2p - (c)1983 Taito|45060
