game_name|game_ext|game_size
3D Model RGB Test Program (USA) (Test Program)|.zip|7687835
007 - The World Is Not Enough (Europe) (En,Fr,De)|.zip|26556695
007 - The World Is Not Enough (USA) (v2) (Beta)|.zip|7237283
007 - The World Is Not Enough (USA) (v21) (Beta)|.zip|26345342
007 - The World Is Not Enough (USA)|.zip|26574277
40 Winks (Europe) (En,Es,It) (Proto) (1999-10-07)|.zip|29934202
40 Winks (Europe) (En,Fr,Es) (Aftermarket) (Unl)|.zip|29918516
40 Winks (USA) (Aftermarket) (Unl)|.zip|29902534
40 Winks (USA) (Proto) (2000-01-10)|.zip|29918766
64 Hanafuda - Tenshi no Yakusoku (Japan)|.zip|3842186
64 Oozumou (Japan)|.zip|11099775
64 Oozumou 2 (Japan)|.zip|8928165
64 Trump Collection - Alice no Wakuwaku Trump World (Japan)|.zip|6471869
64 de Hakken!! Tamagotchi - Minna de Tamagotchi World (Japan)|.zip|9985412
64Noid (World) (Demo) (N64brew Game Jam 2020) (Aftermarket) (Unl)|.zip|75214
77a (World) (Presence of Mind '98) (Unl)|.zip|206913
77a Special Edition (World) (Summer64) (Unl)|.zip|539888
1080 Snowboarding (Europe) (En,Ja,Fr,De)|.zip|11261864
1080 Snowboarding (Japan, USA) (En,Ja)|.zip|11827167
1080 Snowboarding (USA) (En,Ja) (LodgeNet)|.zip|11263445
2048 (World) (En,Fr,Es) (Aftermarket) (Unl)|.zip|8395676
AI Shougi 3 (Japan)|.zip|3134930
Action Replay Pro 64 (Europe) (v3.0) (Unl)|.zip|165691
Action Replay Pro 64 (Europe) (v3.3) (Unl)|.zip|191991
AeroFighters Assault (Europe) (En,Fr,De)|.zip|9062098
AeroFighters Assault (USA)|.zip|4995481
AeroGauge (Europe) (En,Fr,De)|.zip|3488000
AeroGauge (Japan) (Demo) (Kiosk)|.zip|2970972
AeroGauge (Japan) (Rev 1)|.zip|2973706
AeroGauge (USA)|.zip|3012365
Aidyn Chronicles - The First Mage (Europe) (Beta) (2001-03-02)|.zip|30225023
Aidyn Chronicles - The First Mage (Europe) (Beta) (2001-04-10)|.zip|30225297
Aidyn Chronicles - The First Mage (Europe)|.zip|30225346
Aidyn Chronicles - The First Mage (USA) (Beta) (2000-02-10)|.zip|17367082
Aidyn Chronicles - The First Mage (USA) (Beta) (2000-05-09)|.zip|26166327
Aidyn Chronicles - The First Mage (USA) (Beta) (2000-12-05)|.zip|29639487
Aidyn Chronicles - The First Mage (USA) (Rev 1)|.zip|30220550
Aidyn Chronicles - The First Mage (USA)|.zip|30220123
Air Boarder 64 (Japan)|.zip|6863396
Airboarder 64 (Europe)|.zip|6835671
Akumajou Dracula Mokushiroku - Real Action Adventure (Japan)|.zip|9920705
Akumajou Dracula Mokushiroku Gaiden - Legend of Cornell (Japan)|.zip|14269685
Alien Sun (World) (Proto) (N64brew Game Jam 2023) (Aftermarket) (Unl)|.zip|1210593
All-Star Baseball 99 (Europe)|.zip|11756397
All-Star Baseball 99 (USA)|.zip|11758656
All-Star Baseball 2000 (Europe)|.zip|15446893
All-Star Baseball 2000 (USA)|.zip|15440422
All-Star Baseball 2001 (USA)|.zip|15438555
All Star Tennis '99 (Europe) (En,Fr,De,Es,It)|.zip|3507092
All Star Tennis 99 (USA)|.zip|3511959
Armorines - Project S.W.A.R.M. (Europe)|.zip|13921531
Armorines - Project S.W.A.R.M. (Germany)|.zip|13721796
Armorines - Project S.W.A.R.M. (USA)|.zip|13726280
Army Men - Air Combat (USA)|.zip|5137292
Army Men - Sarge's Heroes (Europe) (En,Fr,De)|.zip|5429600
Army Men - Sarge's Heroes (USA)|.zip|5351883
Army Men - Sarge's Heroes 2 (USA)|.zip|4983507
Asteroid Shooter (World) (Demo) (Aftermarket) (Unl)|.zip|79266
Asteroids 64 (World) (N64brew Game Jam 2021) (Aftermarket) (Unl)|.zip|58667
Asteroids Hyper 64 (USA)|.zip|2879854
Ataxx 64 (World) (Unl)|.zip|248903
Automobili Lamborghini (Europe)|.zip|2814001
Automobili Lamborghini (USA)|.zip|2814145
Baku Bomberman (Japan)|.zip|5380293
Baku Bomberman 2 (Japan)|.zip|11422414
Bakuretsu Muteki Bangaioh (Japan)|.zip|7492632
Bakushou Jinsei 64 - Mezase! Resort Ou (Japan)|.zip|7537562
Banjo-Kazooie (Europe) (En,Fr,De)|.zip|16489320
Banjo-Kazooie (USA) (Rev 1)|.zip|16348377
Banjo-Kazooie (USA)|.zip|16308115
Banjo-Tooie (Australia)|.zip|32322416
Banjo-Tooie (Europe) (En,Fr,De,Es)|.zip|32827777
Banjo-Tooie (USA)|.zip|32775626
Banjo to Kazooie no Daibouken (Japan)|.zip|16469515
Banjo to Kazooie no Daibouken 2 (Japan)|.zip|32391742
Bass Rush - ECOGEAR PowerWorm Championship (Japan)|.zip|14025720
Bassmasters 2000 (USA) (Beta)|.zip|7470303
Bassmasters 2000 (USA)|.zip|9606390
Batman Beyond - Return of the Joker (USA)|.zip|2828147
Batman of the Future - Return of the Joker (Europe) (En,Fr,De)|.zip|2845644
BattleTanx (USA)|.zip|5161302
BattleTanx - Global Assault (Europe) (En,Fr,De)|.zip|4767994
BattleTanx - Global Assault (USA)|.zip|4766998
Battlezone - Rise of the Black Dogs (USA)|.zip|11396474
Beetle Adventure Racing! (Europe) (En,Fr,De)|.zip|12799581
Beetle Adventure Racing! (Japan)|.zip|12625710
Beetle Adventure Racing! (USA) (En,Fr,De)|.zip|12799387
Big Burger (World) (N64brew Game Jam 2020) (NTSC) (Aftermarket) (Unl)|.zip|93383
Big Burger (World) (N64brew Game Jam 2020) (PAL) (Aftermarket) (Unl)|.zip|93374
Big Mountain 2000 (USA)|.zip|5740495
Bike Race '98 (World) (v1.0) (Demo) (Presence of Mind '98) (Unl)|.zip|168558
Bike Race '98 (World) (v1.2) (Demo) (Unl)|.zip|319231
Bio F.R.E.A.K.S. (Europe)|.zip|12627847
Bio F.R.E.A.K.S. (USA)|.zip|12610730
Biohazard 2 (Japan)|.zip|65321846
Bird Kart (World) (Demo 1) (N64brew Game Jam 2021) (Aftermarket) (Unl)|.zip|398748
Bird Kart (World) (Demo 2) (Aftermarket) (Unl)|.zip|473824
Blast Corps (Europe) (En,De)|.zip|7234958
Blast Corps (USA) (Rev 1)|.zip|7227718
Blast Corps (USA)|.zip|7227854
Blastdozer (Japan)|.zip|7223266
Blues Brothers 2000 (Europe) (En,Fr,De,Es,It,Nl) (Beta) (2000-01-15) (#20)|.zip|15700108
Blues Brothers 2000 (Europe) (En,Fr,De,Es,It,Nl) (Beta) (2000-01-15) (#53)|.zip|15252124
Blues Brothers 2000 (Europe) (En,Fr,De,Es,It,Nl)|.zip|14929275
Blues Brothers 2000 (USA)|.zip|14927869
Body Harvest (Europe) (En,Fr,De)|.zip|7122137
Body Harvest (USA)|.zip|7122897
Bokujou Monogatari 2 (Japan) (Rev 1)|.zip|6602998
Bokujou Monogatari 2 (Japan) (Rev 2)|.zip|6603049
Bokujou Monogatari 2 (Japan)|.zip|6602143
Bomberman 64 (Europe)|.zip|5340026
Bomberman 64 (Japan)|.zip|7003755
Bomberman 64 (USA)|.zip|5338172
Bomberman 64 - The Second Attack! (USA)|.zip|11470499
Bomberman Hero (Europe)|.zip|9792742
Bomberman Hero (USA)|.zip|9792140
Bomberman Hero - Mirian Oujo o Sukue! (Japan)|.zip|9792482
Bottom of the 9th (USA)|.zip|13200419
Brew Volley (World) (Demo) (N64brew Game Jam 2023) (Aftermarket) (Unl)|.zip|714914
Brunswick Circuit Pro Bowling (USA)|.zip|7567197
Buck Bumble (Europe) (En,Fr,De,Es,It)|.zip|5284540
Buck Bumble (Japan)|.zip|5339600
Buck Bumble (USA)|.zip|5281363
Bug's Life, A (Europe)|.zip|11247478
Bug's Life, A (France)|.zip|11099081
Bug's Life, A (Germany)|.zip|11099912
Bug's Life, A (Italy)|.zip|11071987
Bug's Life, A (USA)|.zip|11248354
Bug Game (World) (Demo) (N64brew Game Jam 2021) (Aftermarket) (Unl)|.zip|3024815
Bust-A-Move '99 (USA)|.zip|7050527
Bust-A-Move 2 - Arcade Edition (Europe)|.zip|6536796
Bust-A-Move 2 - Arcade Edition (USA)|.zip|6536543
Bust-A-Move 3 DX (Europe)|.zip|7068975
Bust-A-Move 3 DX (USA) (Beta) (1998-08-28)|.zip|7225715
California Speed (Europe) (Proto)|.zip|14861563
California Speed (USA)|.zip|14699704
Carmageddon 64 (Europe) (En,Fr,De,Es)|.zip|10763506
Carmageddon 64 (Europe) (En,Fr,Es,It)|.zip|11962333
Carmageddon 64 (USA)|.zip|12176019
Carnivale - Cenzo's Adventure (USA) (Proto) (2000-07-21)|.zip|10955225
Castle 64 (World) (N64brew Game Jam 2020) (Aftermarket) (Unl)|.zip|4593327
Castlevania (Europe) (En,Fr,De)|.zip|9954779
Castlevania (USA) (Rev 1)|.zip|9783164
Castlevania (USA) (Rev 2)|.zip|9784882
Castlevania (USA)|.zip|9783150
Castlevania - Legacy of Darkness (Europe) (En,Fr,De)|.zip|14023580
Castlevania - Legacy of Darkness (USA)|.zip|13727606
Centre Court Tennis (Europe)|.zip|8437130
Chameleon Twist (Europe)|.zip|5419031
Chameleon Twist (Japan)|.zip|5363079
Chameleon Twist (USA) (Rev 1)|.zip|5342398
Chameleon Twist (USA)|.zip|6041034
Chameleon Twist 2 (Europe)|.zip|5384584
Chameleon Twist 2 (Japan)|.zip|5357819
Chameleon Twist 2 (USA)|.zip|5384625
Charlie Blast's Territory (Europe)|.zip|1138237
Charlie Blast's Territory (USA)|.zip|1138291
Chip8 C64 Emulator (World) (Aftermarket) (Unl)|.zip|86878
Chopper Attack (Europe)|.zip|5781500
Chopper Attack (USA)|.zip|5781547
Choro Q 64 (Japan)|.zip|2539955
Choro Q 64 2 - Hacha Mecha Grand Prix Race (Japan)|.zip|4561176
Chou Kuukan Nighter Pro Yakyuu King (Japan)|.zip|6941096
Chou Kuukan Nighter Pro Yakyuu King 2 (Japan)|.zip|10674936
Chou Snobo Kids (Japan)|.zip|10745750
City-Tour GP - Zen-Nihon GT Senshuken (Japan)|.zip|6456693
Clay Fighter - Sculptor's Cut (USA)|.zip|14178618
Clay Fighter 63 1-3 (Europe)|.zip|10302371
Clay Fighter 63 1-3 (USA) (Beta)|.zip|10343085
Clay Fighter 63 1-3 (USA)|.zip|10301981
Command &amp; Conquer (Europe) (En,Fr)|.zip|17726150
Command &amp; Conquer (Germany)|.zip|13015701
Command &amp; Conquer (USA)|.zip|13606639
Commander Keen in Goodbye, Galaxy (World) (2022-07-31) (Proto) (Aftermarket) (Unl)|.zip|713435
Conker's Bad Fur Day (Europe)|.zip|61280952
Conker's Bad Fur Day (USA) (Beta) (2000-08-26) (ECTS 2000)|.zip|53890631
Conker's Bad Fur Day (USA) (Beta) (2000-10-25)|.zip|61378622
Conker's Bad Fur Day (USA)|.zip|61281406
Controller Kensa-ki NUS-yo N Cassette (Japan) (Test Program)|.zip|1315143
Cruis'n Exotica (USA)|.zip|14345595
Cruis'n USA (Europe)|.zip|4582472
Cruis'n USA (USA) (Rev 1)|.zip|4582461
Cruis'n USA (USA) (Rev 2)|.zip|4582349
Cruis'n USA (USA) (Wii Virtual Console)|.zip|4582058
Cruis'n USA (USA)|.zip|4582207
Cruis'n World (Europe) (Rev 1)|.zip|11128972
Cruis'n World (Europe)|.zip|11110973
Cruis'n World (USA)|.zip|11128951
Custom Robo (Japan)|.zip|11599188
Custom Robo V2 (Japan)|.zip|12550543
CyberTiger (Europe)|.zip|13878299
CyberTiger (USA)|.zip|13877355
Daffy Duck Starring as Duck Dodgers (Europe) (En,Fr,De,Es,It,Nl)|.zip|13325395
Dance Dance Revolution - Disney Dancing Museum (Japan)|.zip|20614789
Dark Rift (Europe)|.zip|7621600
Dark Rift (USA)|.zip|7622355
Dead Ritual (World) (Demo) (N64brew Game Jam 2022) (Aftermarket) (Unl)|.zip|1174089
Deadly Arts (USA)|.zip|8813918
Defi au Tetris Magique (France)|.zip|11442957
Densha de Go! 64 (Japan)|.zip|19029468
Derby Stallion 64 (Japan) (Beta) [b]|.zip|25536904
Derby Stallion 64 (Japan)|.zip|20684792
Destruction Derby 64 (Europe) (En,Fr,De)|.zip|12376046
Destruction Derby 64 (USA) (Beta) (1998-07-31)|.zip|10711502
Destruction Derby 64 (USA)|.zip|10287462
Dexanoid (World) (Unl)|.zip|6180038
Dezaemon 3D (Japan)|.zip|9673436
Diddy Kong Racing (Europe) (En,Fr,De) (Rev 1)|.zip|10284503
Diddy Kong Racing (Europe) (En,Fr,De)|.zip|9941289
Diddy Kong Racing (Japan)|.zip|10286908
Diddy Kong Racing (USA) (En,Fr) (Rev 1)|.zip|10284547
Diddy Kong Racing (USA) (En,Fr)|.zip|9941186
Die Hard 64 (USA) (Proto) (Level 1)|.zip|10671734
Die Hard 64 (USA) (Proto) (Level 2)|.zip|10710972
Die Hard 64 (USA) (Proto) (Level 3)|.zip|10197157
Dinosaur Planet (USA) (Proto) (2000-12-01)|.zip|54271934
Donald Duck - Goin' Quackers (USA) (En,Fr,De,Es,It)|.zip|11773720
Donald Duck - Quack Attack (Europe) (En,Fr,De,Es,It)|.zip|11771473
Donkey Kong 64 (Europe) (En,Fr,De,Es)|.zip|27750971
Donkey Kong 64 (Japan)|.zip|27724395
Donkey Kong 64 (USA) (Demo) (Kiosk)|.zip|18297300
Donkey Kong 64 (USA) (LodgeNet)|.zip|27621233
Donkey Kong 64 (USA)|.zip|27715023
Donsol (World) (Aftermarket) (Unl)|.zip|35381
Doom 64 (Europe)|.zip|7317830
Doom 64 (Japan)|.zip|7324000
Doom 64 (USA) (Beta) (1996-12-10)|.zip|7019310
Doom 64 (USA) (Rev 1)|.zip|7310266
Doom 64 (USA)|.zip|7306335
Doraemon - Nobita to 3tsu no Seireiseki (Japan)|.zip|4701267
Doraemon 2 - Nobita to Hikari no Shinden (Japan)|.zip|7547320
Doraemon 3 - Nobita no Machi SOS! (Japan)|.zip|12242013
Doubutsu Banchou (Japan) (Proto)|.zip|12364266
Doubutsu no Mori (Japan)|.zip|11322027
Dr. Mario 64 (USA) (LodgeNet)|.zip|3044618
Dr. Mario 64 (USA)|.zip|3042418
Dragon King (World) (Pirate)|.zip|122208
Dragon Sword 64 (Europe) (Proto)|.zip|7405902
Dragon Sword 64 (USA) (Proto) (1999-08-25)|.zip|9730043
Dual Heroes (Europe)|.zip|8046369
Dual Heroes (Japan)|.zip|8279848
Dual Heroes (USA)|.zip|8036203
Duck Dodgers Starring Daffy Duck (USA) (En,Fr,Es) (Beta 1)|.zip|13334195
Duck Dodgers Starring Daffy Duck (USA) (En,Fr,Es) (Beta 2) (2000-03-07)|.zip|13382582
Duck Dodgers Starring Daffy Duck (USA) (En,Fr,Es)|.zip|13303454
Duke Nukem - Zero Hour (Europe)|.zip|24959940
Duke Nukem - Zero Hour (France)|.zip|24960947
Duke Nukem - Zero Hour (USA) (Beta)|.zip|24962725
Duke Nukem - Zero Hour (USA)|.zip|24960332
Duke Nukem 64 (Europe) (Beta)|.zip|7472900
Duke Nukem 64 (Europe)|.zip|7474423
Duke Nukem 64 (France)|.zip|7400937
Duke Nukem 64 (USA)|.zip|7474182
ECW Hardcore Revolution (Europe)|.zip|31730061
ECW Hardcore Revolution (Germany)|.zip|31727800
ECW Hardcore Revolution (USA) (Beta)|.zip|64262837
ECW Hardcore Revolution (USA)|.zip|31729463
EEPROM &amp; SRAM Erase Program (USA) (v1.2) (LodgeNet)|.zip|31281
Earthworm Jim 3D (Europe) (En,Fr,De,Es,It)|.zip|11309404
Earthworm Jim 3D (USA)|.zip|11248081
Eikou no Saint Andrews (Japan)|.zip|6328735
Eltale Monsters (Japan)|.zip|6925478
Evil Australians (World) (Demo) (Aftermarket) (Unl)|.zip|8170752
Excitebike 64 (Europe)|.zip|15737615
Excitebike 64 (Japan)|.zip|15747458
Excitebike 64 (USA) (Demo) (Kiosk)|.zip|15670497
Excitebike 64 (USA) (LodgeNet)|.zip|15735343
Excitebike 64 (USA) (Rev 1)|.zip|15734992
Excitebike 64 (USA)|.zip|15743948
Extreme-G (Europe) (En,Fr,De,Es,It)|.zip|7985984
Extreme-G (Japan)|.zip|8035357
Extreme-G (USA)|.zip|7980332
Extreme-G XG2 (Europe) (En,Fr,De,Es,It)|.zip|12000738
Extreme-G XG2 (Japan)|.zip|11999582
Extreme-G XG2 (USA)|.zip|11997400
F-1 World Grand Prix (Europe) (Beta)|.zip|9396561
F-1 World Grand Prix (Europe)|.zip|9392253
F-1 World Grand Prix (France)|.zip|9393081
F-1 World Grand Prix (Germany)|.zip|9398731
F-1 World Grand Prix (Japan)|.zip|9402083
F-1 World Grand Prix (USA)|.zip|9396542
F-1 World Grand Prix II (Europe) (En,Fr,De,Es)|.zip|9801497
F-Zero X (Europe)|.zip|12957835
F-Zero X (Japan)|.zip|12953606
F-Zero X (USA) (Beta) (The Legend of Zelda - Ocarina of Time leftover data)|.zip|16880293
F-Zero X (USA) (LodgeNet)|.zip|12957127
F-Zero X (USA)|.zip|12953815
F1 Pole Position 64 (Europe) (En,Fr,De)|.zip|6157525
F1 Pole Position 64 (USA) (En,Fr,De)|.zip|6156928
F1 Racing Championship (Brazil) (En,Fr)|.zip|14377754
F1 Racing Championship (Europe) (En,Fr,De,Es,It)|.zip|14354736
F1 Racing Championship (USA) (Beta)|.zip|14497930
FIFA - Road to World Cup 98 (Europe) (En,Fr,De,Es,It,Nl,Sv)|.zip|10319585
FIFA - Road to World Cup 98 (USA) (En,Fr,De,Es,It,Nl,Sv)|.zip|10413734
FIFA - Road to World Cup 98 - World Cup e no Michi (Japan)|.zip|10535981
FIFA 64 (Europe) (En,Fr,De)|.zip|6538973
FIFA 99 (Europe) (En,Fr,De,Es,It,Nl,Pt,Sv)|.zip|13851712
FIFA 99 (USA) (En,Fr,De,Es,It,Nl,Pt,Sv)|.zip|14051302
FIFA Soccer 64 (USA) (En,Fr,De)|.zip|6538981
Famista 64 (Japan)|.zip|9359651
Fanger's Lightmare (World) (Demo) (N64brew Game Jam 2022) (Aftermarket) (Unl)|.zip|5148958
Featherlight (World) (v1.0) (Aftermarket) (Unl)|.zip|2611875
Featherlight (World) (v1.1) (N64brew Game Jam 2021) (Aftermarket) (Unl)|.zip|2612383
Featherlight (World) (v1.2) (Aftermarket) (Unl)|.zip|2612642
Featherlight (World) (v1.3) (Aftermarket) (Unl)|.zip|2612696
Fighter Destiny 2 (USA)|.zip|11657266
Fighters Destiny (Europe)|.zip|8915207
Fighters Destiny (France)|.zip|8907929
Fighters Destiny (Germany)|.zip|8909115
Fighters Destiny (USA)|.zip|8890764
Fighting Cup (Japan)|.zip|8874390
Fighting Force 64 (Europe)|.zip|9097969
Fighting Force 64 (USA)|.zip|10268053
Fission Failure 64 (World) (N64brew Game Jam 2021) (Aftermarket) (Unl)|.zip|10126761
Flappy Bird (World) (v1.0) (Aftermarket) (Unl)|.zip|546474
Flappy Bird (World) (v1.1) (Aftermarket) (Unl)|.zip|547399
Flappy Bird (World) (v1.2) (Aftermarket) (Unl)|.zip|302717
Flappy Bird (World) (v1.3) (Aftermarket) (Unl)|.zip|301611
Flappy Bird (World) (v1.4) (Aftermarket) (Unl)|.zip|301949
Flood64 (World) (En,Fr,Es) (Aftermarket) (Unl)|.zip|1361747
Flying Dragon (Europe)|.zip|9313571
Flying Dragon (USA)|.zip|9311683
Forsaken (Europe) (En,Fr,Es,It)|.zip|7003460
Forsaken (Germany)|.zip|6856170
Forsaken 64 (USA)|.zip|7003277
Fox Sports College Hoops '99 (USA)|.zip|9812828
Freak Boy (Unknown) (Proto)|.zip|2850323
Frogger 2 (USA) (Proto 1)|.zip|3646727
Frogger 2 (USA) (Proto 2)|.zip|3195459
Funnel Cube (World) (Demo) (Aftermarket) (Unl)|.zip|79213
Fushigi no Dungeon - Fuurai no Shiren 2 - Oni Shuurai! Shiren Jou! (Japan)|.zip|22191882
G.A.S.P!! Fighters' NEXTream (Europe)|.zip|8751129
G.A.S.P!! Fighters' NEXTream (Japan)|.zip|8749606
GT 64 - Championship Edition (Europe) (En,Fr,De)|.zip|4545173
GT 64 - Championship Edition (USA) (Beta) (1998-05-25)|.zip|4549486
GT 64 - Championship Edition (USA)|.zip|4452701
GameBooster 64 (Europe) (v1.1) (Unl)|.zip|221915
GameBooster 64 (USA) (v1.1) (Unl)|.zip|221913
GameShark Pro (USA) (v2.0) (Unl)|.zip|60600
GameShark Pro (USA) (v3.3) (Unl)|.zip|203213
Ganbare! Nippon! Olympics 2000 (Japan)|.zip|9191721
Ganbare Goemon - Dero Dero Douchuu Obake Tenkomori (Japan)|.zip|14659325
Ganbare Goemon - Neo Momoyama Bakufu no Odori (Japan)|.zip|13314479
Gauntlet Legends (Europe)|.zip|14665710
Gauntlet Legends (Japan)|.zip|14708177
Gauntlet Legends (USA) (LodgeNet)|.zip|14664791
Gauntlet Legends (USA)|.zip|14665582
Getter Love!! - Cho Renai Party Game Tanjou (Japan)|.zip|8442531
Gex 3 - Deep Cover Gecko (Europe) (En,Es,It)|.zip|24418162
Gex 3 - Deep Cover Gecko (Europe) (Fr,De)|.zip|28373085
Gex 3 - Deep Cover Gecko (USA)|.zip|26555932
Gex 64 - Enter the Gecko (Europe)|.zip|15422900
Gex 64 - Enter the Gecko (USA)|.zip|15223654
Glamorous Zombie Flakes (World) (Aftermarket) (Unl)|.zip|1451662
Glover (Europe) (En,Fr,De)|.zip|5860352
Glover (USA) (1998-07-16) (Beta) [b]|.zip|12775953
Glover (USA) (1998-09-04) (Beta)|.zip|5864374
Glover (USA) (En,Fr,De) (Aftermarket) (Unl)|.zip|5950380
Glover (USA)|.zip|5837142
Glover 2 (USA) (Proto 1)|.zip|4088261
Glover 2 (USA) (Proto 2)|.zip|5358848
Goemon's Great Adventure (USA)|.zip|14710516
Goemon - Mononoke Sugoroku (Japan)|.zip|13535393
GoldenEye 007 (Europe)|.zip|10763159
GoldenEye 007 (Japan) (Switch Online)|.zip|10755606
GoldenEye 007 (Japan)|.zip|10775022
GoldenEye 007 (USA)|.zip|10773748
GoldenEye 007 (USA, Europe) (Switch Online)|.zip|10754560
Golden Nugget 64 (USA)|.zip|5956372
HSV Adventure Racing! (Australia)|.zip|12610828
Hamster Monogatari 64 (Japan)|.zip|6626145
Harukanaru Augusta - Masters '98 (Japan)|.zip|13250203
Harvest Moon 64 (USA)|.zip|6561688
Heiwa Pachinko World 64 (Japan)|.zip|4486496
Hercules - The Legendary Journeys (Europe) (En,Fr,De,Es,It,Nl)|.zip|15190434
Hercules - The Legendary Journeys (USA) (Beta 1)|.zip|15251032
Hercules - The Legendary Journeys (USA) (Beta 2)|.zip|15250924
Hercules - The Legendary Journeys (USA)|.zip|15250851
Hexen (Europe)|.zip|7821959
Hexen (France)|.zip|7834254
Hexen (Germany)|.zip|7824293
Hexen (Japan)|.zip|7902861
Hexen (USA)|.zip|7834582
Hey You, Pikachu! (USA)|.zip|8957357
Hiryuu no Ken Twin (Japan)|.zip|9316705
Holy Magic Century (Europe)|.zip|6975334
Holy Magic Century (France)|.zip|6967649
Holy Magic Century (Germany)|.zip|6960108
Hoshi no Kirby 64 (Japan) (Rev 1)|.zip|12177527
Hoshi no Kirby 64 (Japan) (Rev 2)|.zip|12176532
Hoshi no Kirby 64 (Japan) (Rev 3)|.zip|12176497
Hoshi no Kirby 64 (Japan)|.zip|12177528
Hot Wheels - Turbo Racing (Europe) (En,Fr,De)|.zip|13179642
Hot Wheels - Turbo Racing (USA)|.zip|11335479
Human Grand Prix - The New Generation (Japan)|.zip|6295997
Hybrid Heaven (Europe) (En,Fr,De)|.zip|11803269
Hybrid Heaven (Japan)|.zip|11685847
Hybrid Heaven (USA)|.zip|11666425
Hydro Thunder (Europe)|.zip|19698407
Hydro Thunder (France)|.zip|19708995
Hydro Thunder (USA) (LodgeNet)|.zip|19702454
Hydro Thunder (USA)|.zip|19629581
Hyper Olympics in Nagano 64 (Japan)|.zip|9905455
Ide Yosuke no Mahjong Juku (Japan)|.zip|4233289
Iggy's Reckin' Balls (Europe)|.zip|3876953
Iggy's Reckin' Balls (USA) (Beta)|.zip|3877283
Iggy's Reckin' Balls (USA)|.zip|3876834
Iggy-kun no Bura Bura Poyon (Japan)|.zip|3872789
In-Fisherman - Bass Hunter 64 (Europe)|.zip|3024796
In-Fisherman - Bass Hunter 64 (USA)|.zip|3016911
Indiana Jones and the Infernal Machine (Australia) (Proto)|.zip|27482411
Indiana Jones and the Infernal Machine (USA)|.zip|27482731
Indy Racing 2000 (USA)|.zip|10604949
International Superstar Soccer '98 (Europe) (Beta) (1998-03-02)|.zip|12856237
International Superstar Soccer '98 (Europe)|.zip|9336456
International Superstar Soccer '98 (USA)|.zip|9333267
International Superstar Soccer 64 (Europe)|.zip|6533257
International Superstar Soccer 64 (USA)|.zip|6526906
International Superstar Soccer 2000 (Europe) (En,De)|.zip|11841143
International Superstar Soccer 2000 (Europe) (Fr,It)|.zip|11812371
International Superstar Soccer 2000 (USA) (En,Es) (Rev 1)|.zip|11562696
International Superstar Soccer 2000 (USA) (En,Es)|.zip|11562382
International Track &amp; Field - Summer Games (Europe) (En,Fr,De)|.zip|9219774
International Track &amp; Field 2000 (USA)|.zip|9184835
Itoi Shigesato no Bass Tsuri No. 1 Kettei Ban! (Japan)|.zip|9860431
J.League Dynamite Soccer 64 (Japan)|.zip|3884984
J.League Eleven Beat 1997 (Japan)|.zip|6203919
J.League Live 64 (Japan)|.zip|4970883
J.League Tactics Soccer (Japan) (Rev 1)|.zip|6294226
J.League Tactics Soccer (Japan)|.zip|6294460
Jangou Simulation Mahjong Dou 64 (Japan)|.zip|3614968
Jeopardy! (USA)|.zip|2169439
Jeremy McGrath Supercross 2000 (Europe)|.zip|14128429
Jeremy McGrath Supercross 2000 (USA) (Beta)|.zip|14122367
Jeremy McGrath Supercross 2000 (USA)|.zip|14122628
Jet Force Gemini (Europe) (En,Fr,De,Es)|.zip|29677484
Jet Force Gemini (USA) (Demo) (Kiosk)|.zip|24699049
Jet Force Gemini (USA)|.zip|29786319
Jikkyou G1 Stable (Japan) (Rev 1)|.zip|10896886
Jikkyou G1 Stable (Japan)|.zip|10896974
Jikkyou J.League 1999 - Perfect Striker 2 (Japan) (Rev 1)|.zip|11915993
Jikkyou J.League 1999 - Perfect Striker 2 (Japan)|.zip|11916035
Jikkyou J.League Perfect Striker (Japan)|.zip|6527885
Jikkyou Powerful Pro Yakyuu - Basic Ban 2001 (Japan) (Rev 1)|.zip|13063139
Jikkyou Powerful Pro Yakyuu - Basic Ban 2001 (Japan)|.zip|13062751
Jikkyou Powerful Pro Yakyuu 4 (Japan) (Beta) (1996-11-30)|.zip|13288562
Jikkyou Powerful Pro Yakyuu 4 (Japan) (Rev 1)|.zip|9888554
Jikkyou Powerful Pro Yakyuu 4 (Japan)|.zip|9887534
Jikkyou Powerful Pro Yakyuu 5 (Japan) (Rev 1)|.zip|11978102
Jikkyou Powerful Pro Yakyuu 5 (Japan) (Rev 2)|.zip|11978162
Jikkyou Powerful Pro Yakyuu 5 (Japan)|.zip|11978976
Jikkyou Powerful Pro Yakyuu 6 (Japan) (Rev 1)|.zip|12914405
Jikkyou Powerful Pro Yakyuu 6 (Japan) (Rev 2)|.zip|12914403
Jikkyou Powerful Pro Yakyuu 6 (Japan)|.zip|12913949
Jikkyou Powerful Pro Yakyuu 2000 (Japan) (Rev 1)|.zip|13186041
Jikkyou Powerful Pro Yakyuu 2000 (Japan)|.zip|13180679
Jikkyou World Soccer - World Cup France '98 (Japan) (Rev 1)|.zip|13143538
Jikkyou World Soccer - World Cup France '98 (Japan) (Rev 2)|.zip|13143430
Jikkyou World Soccer - World Cup France '98 (Japan)|.zip|13143749
Jikkyou World Soccer 3 (Japan)|.zip|6510752
Jikuu Senshi Turok (Japan)|.zip|7603775
Jinsei Game 64 (Japan)|.zip|6732604
John Romero's Daikatana (Europe) (En,Fr,De)|.zip|13321699
John Romero's Daikatana (Japan)|.zip|13300234
John Romero's Daikatana (USA)|.zip|13235433
Juic'n 64 (World) (N64brew Game Jam 2020) (NTSC) (Aftermarket) (Unl)|.zip|891426
Juic'n 64 (World) (N64brew Game Jam 2020) (PAL) (Aftermarket) (Unl)|.zip|891424
Kakutou Denshou - F-Cup Maniax (Japan)|.zip|11347758
Ken Griffey Jr.'s Slugfest (USA)|.zip|14157946
Killer Instinct Gold (Europe)|.zip|12066439
Killer Instinct Gold (USA) (Rev 1)|.zip|12065528
Killer Instinct Gold (USA) (Rev 2)|.zip|12065703
Killer Instinct Gold (USA)|.zip|12065797
King Hill 64 - Extreme Snowboarding (Japan)|.zip|10334141
Kiratto Kaiketsu! 64 Tanteidan (Japan)|.zip|6421586
Kirby 64 - The Crystal Shards (Europe)|.zip|12214471
Kirby 64 - The Crystal Shards (USA) (LodgeNet)|.zip|12212774
Kirby 64 - The Crystal Shards (USA)|.zip|12214027
Knife Edge - Nose Gunner (Europe)|.zip|4885417
Knife Edge - Nose Gunner (Japan)|.zip|4914278
Knife Edge - Nose Gunner (USA)|.zip|4879396
Knockout Kings 2000 (Europe)|.zip|13697207
Knockout Kings 2000 (USA)|.zip|13697420
Kobe Bryant in NBA Courtside (Europe)|.zip|11240359
Kobe Bryant in NBA Courtside (USA)|.zip|11234963
Kumi-Daiko Beatoff 64 (World) (N64brew Game Jam 2020) (Aftermarket) (Unl)|.zip|2079671
LEGO Racers (Europe) (En,Fr,De,Es,It,Nl,Sv,No,Da,Fi)|.zip|10482121
LEGO Racers (USA) (En,Fr,De,Es,It,Nl,Sv,No,Da,Fi)|.zip|10487976
Last Legion UX (Japan)|.zip|7376640
Legend of Zelda, The - Majora's Mask (Europe) (En,Fr,De,Es) (Rev 1) (Debug)|.zip|35602026
Legend of Zelda, The - Majora's Mask (Europe) (En,Fr,De,Es) (Rev 1) (Wii Virtual Console)|.zip|27973157
Legend of Zelda, The - Majora's Mask (Europe) (En,Fr,De,Es) (Rev 1)|.zip|27973125
Legend of Zelda, The - Majora's Mask (Europe) (En,Fr,De,Es)|.zip|27972389
Legend of Zelda, The - Majora's Mask (Europe) (GameCube)|.zip|27994051
Legend of Zelda, The - Majora's Mask (USA) (Demo) (Kiosk)|.zip|27509580
Legend of Zelda, The - Majora's Mask (USA) (GameCube)|.zip|27487137
Legend of Zelda, The - Majora's Mask (USA) (LodgeNet)|.zip|27521466
Legend of Zelda, The - Majora's Mask (USA)|.zip|27522119
Legend of Zelda, The - Ocarina of Time (Europe) (Beta) (2003-02-13) (GameCube)|.zip|34065021
Legend of Zelda, The - Ocarina of Time (Europe) (Beta) (2003-02-21) (GameCube) (Debug)|.zip|31447885
Legend of Zelda, The - Ocarina of Time (Europe) (En,Fr,De) (Rev 1)|.zip|26479709
Legend of Zelda, The - Ocarina of Time (Europe) (En,Fr,De)|.zip|26476469
Legend of Zelda, The - Ocarina of Time (Europe) (GameCube)|.zip|26414466
Legend of Zelda, The - Ocarina of Time (USA) (Beta)|.zip|26555435
Legend of Zelda, The - Ocarina of Time (USA) (GameCube)|.zip|26455800
Legend of Zelda, The - Ocarina of Time (USA) (LodgeNet)|.zip|26501517
Legend of Zelda, The - Ocarina of Time (USA) (Rev 1)|.zip|26565947
Legend of Zelda, The - Ocarina of Time (USA) (Rev 2)|.zip|26505967
Legend of Zelda, The - Ocarina of Time (USA)|.zip|26564897
Legend of Zelda, The - Ocarina of Time - Master Quest (Europe) (En,Fr,De) (GameCube)|.zip|26421151
Legend of Zelda, The - Ocarina of Time - Master Quest (Europe) (GameCube) (Debug)|.zip|31417634
Legend of Zelda, The - Ocarina of Time - Master Quest (USA) (GameCube)|.zip|26458995
Legend of Zelda, The - The Sealed Palace (USA) (v1.3) (Aftermarket) (Pirate)|.zip|24310822
Legend of Zelda, The - The Sealed Palace (USA) (v1.21) (Aftermarket) (Pirate)|.zip|24300324
Legend of Zelda, The - The Sealed Palace (World) (Aftermarket) (Pirate)|.zip|24294442
Let's Smash (Japan)|.zip|8290739
Lode Runner 3-D (Europe) (En,Fr,De,Es,It)|.zip|6949696
Lode Runner 3-D (Japan)|.zip|6949732
Lode Runner 3-D (USA)|.zip|6775986
Lunar Assault 64 (World) (v1.0) (N64brew Game Jam 2020) (NTSC) (Aftermarket) (Unl)|.zip|4099323
Lunar Assault 64 (World) (v1.0) (N64brew Game Jam 2020) (PAL) (Aftermarket) (Unl)|.zip|4099444
Lunar Assault 64 (World) (v1.1) (NTSC) (Aftermarket) (Unl)|.zip|4099406
Lunar Assault 64 (World) (v1.1) (PAL) (Aftermarket) (Unl)|.zip|4099475
Lunar Assault 64 (World) (v1.2) (NTSC) (Aftermarket) (Unl)|.zip|4093770
Lylat Wars (Australia) (En,Fr,De)|.zip|10159564
Lylatwars (Europe) (En,Fr,De)|.zip|10159823
MRC - Multi-Racing Championship (Europe) (En,Fr,De)|.zip|8554683
MRC - Multi-Racing Championship (Japan)|.zip|8837887
MRC - Multi-Racing Championship (USA)|.zip|8680448
Mace - The Dark Age (Europe)|.zip|10640582
Mace - The Dark Age (USA) (Beta)|.zip|10950566
Mace - The Dark Age (USA)|.zip|10640407
Madden Football 64 (Europe)|.zip|11244624
Madden Football 64 (USA)|.zip|11244644
Madden NFL 99 (Europe)|.zip|10734154
Madden NFL 99 (USA) (1998-08-05) (Beta)|.zip|13704540
Madden NFL 99 (USA) (Rev 1)|.zip|10735619
Madden NFL 99 (USA)|.zip|10735407
Madden NFL 2000 (USA)|.zip|11407682
Madden NFL 2001 (USA)|.zip|11088984
Madden NFL 2002 (USA)|.zip|10948799
Magic &amp; Legend - Time Knights (World) (Demo) (Aftermarket) (Unl)|.zip|234420
Magical Tetris Challenge (Europe)|.zip|11438115
Magical Tetris Challenge (Germany)|.zip|11444182
Magical Tetris Challenge (USA)|.zip|11432575
Magical Tetris Challenge featuring Mickey (Japan)|.zip|11438386
Mahjong 64 (Japan)|.zip|6377261
Mahjong Hourouki Classic (Japan)|.zip|4802984
Mahjong Master (Japan)|.zip|6144381
Major League Baseball Featuring Ken Griffey Jr. (Australia)|.zip|13679475
Major League Baseball Featuring Ken Griffey Jr. (USA)|.zip|13678396
Manic Miner 64 (World) (Summer64) (Unl)|.zip|103225
Mario Golf (Europe)|.zip|17319156
Mario Golf (USA) (LodgeNet)|.zip|17314666
Mario Golf (USA)|.zip|17314913
Mario Golf 64 (Japan) (Rev 1)|.zip|16695308
Mario Golf 64 (Japan)|.zip|16695055
Mario Kart 64 (Europe) (Rev 1)|.zip|8991234
Mario Kart 64 (Europe)|.zip|8991416
Mario Kart 64 (Japan) (Rev 1)|.zip|8991956
Mario Kart 64 (Japan)|.zip|8993161
Mario Kart 64 (USA) (LodgeNet)|.zip|8990409
Mario Kart 64 (USA)|.zip|8991046
Mario Party (Europe) (En,Fr,De)|.zip|21647778
Mario Party (Japan)|.zip|21465987
Mario Party (USA)|.zip|21533197
Mario Party 2 (Europe) (En,Fr,De,Es,It) (Wii Virtual Console)|.zip|25301233
Mario Party 2 (Europe) (En,Fr,De,Es,It)|.zip|25195582
Mario Party 2 (Japan) (Wii Virtual Console)|.zip|26253787
Mario Party 2 (Japan)|.zip|24913128
Mario Party 2 (USA) (Wii Virtual Console)|.zip|26279960
Mario Party 2 (USA)|.zip|24939478
Mario Party 3 (Europe) (En,Fr,De,Es)|.zip|25387446
Mario Party 3 (Japan)|.zip|25457946
Mario Party 3 (USA) (Beta)|.zip|55635043
Mario Party 3 (USA) (LodgeNet)|.zip|25479825
Mario Party 3 (USA)|.zip|25479420
Mario Story (Japan)|.zip|23025708
Mario Tennis (Europe) (Wii Virtual Console)|.zip|14783125
Mario Tennis (Europe)|.zip|14783088
Mario Tennis (USA) (LodgeNet)|.zip|14784257
Mario Tennis (USA) (Wii Virtual Console)|.zip|14784348
Mario Tennis (USA)|.zip|14784307
Mario Tennis 64 (Japan) (Wii Virtual Console)|.zip|14794009
Mario Tennis 64 (Japan)|.zip|14793963
Mario no Photopie (Japan)|.zip|11531214
Mega Man 64 (USA) (Beta)|.zip|53206724
Mega Man 64 (USA)|.zip|28139096
Megatextures (World) (Demo) (N64brew Game Jam 2023) (Aftermarket) (Unl)|.zip|15736940
Mia Hamm Soccer 64 (USA) (En,Es)|.zip|12482445
Michael Owen's WLS 2000 (Europe) (En,Fr,De,Es,It) (Beta)|.zip|12329431
Michael Owen's WLS 2000 (Europe)|.zip|12322406
Mickey's Speedway USA (Europe) (En,Fr,De,Es,It)|.zip|22654353
Mickey's Speedway USA (USA)|.zip|22627986
Mickey no Racing Challenge USA (Japan)|.zip|22794689
Micro Machines 64 Turbo (Europe) (En,Fr,De,Es,It)|.zip|5854912
Micro Machines 64 Turbo (USA)|.zip|5855064
Midway's Greatest Arcade Hits - Volume 1 (USA) (LodgeNet)|.zip|1841515
Midway's Greatest Arcade Hits - Volume 1 (USA)|.zip|1841616
Mike Piazza's Strike Zone (USA)|.zip|5355836
Milo's Astro Lanes (Europe)|.zip|3392537
Milo's Astro Lanes (USA)|.zip|3391956
Mini Racers (USA) (Ja) (Proto)|.zip|4903048
Mischief Makers (Europe)|.zip|5893862
Mischief Makers (USA) (Rev 1)|.zip|5918377
Mischief Makers (USA)|.zip|5915125
Mission - Impossible (Europe) (Beta)|.zip|11755330
Mission - Impossible (Europe)|.zip|11755345
Mission - Impossible (France)|.zip|11687688
Mission - Impossible (Germany)|.zip|11766224
Mission - Impossible (Italy)|.zip|11769342
Mission - Impossible (Spain) (Rev 1)|.zip|11755053
Mission - Impossible (Spain)|.zip|11757315
Mission - Impossible (USA)|.zip|11794561
Mission Lost Control (World) (Itch.io) (Aftermarket) (Unl)|.zip|8205823
Mission Lost Control (World) (N64brew Game Jam 2021) (Aftermarket) (Unl)|.zip|8205816
Mission Lost Control (World) (v1.1) (Aftermarket) (Unl)|.zip|8206270
Monaco Grand Prix (USA)|.zip|14493439
Monaco Grand Prix - Racing Simulation 2 (Europe) (En,Fr,Es,It)|.zip|14508278
Monopoly (USA)|.zip|2870001
Monster Truck Madness 64 (Europe) (En,Fr,De,Es,It)|.zip|7070342
Monster Truck Madness 64 (USA)|.zip|7066246
Morita Shougi 64 (Japan)|.zip|5945487
Mortal Kombat 4 (Europe)|.zip|13678620
Mortal Kombat 4 (USA) (LodgeNet)|.zip|13677202
Mortal Kombat 4 (USA)|.zip|13674259
Mortal Kombat Mythologies - Sub-Zero (Europe)|.zip|13742078
Mortal Kombat Mythologies - Sub-Zero (USA)|.zip|13742095
Mortal Kombat Trilogy (Europe)|.zip|10661245
Mortal Kombat Trilogy (USA) (1996-05-13) (Beta)|.zip|11916288
Mortal Kombat Trilogy (USA) (Rev 1)|.zip|10661437
Mortal Kombat Trilogy (USA) (Rev 2)|.zip|10661445
Mortal Kombat Trilogy (USA)|.zip|10661419
Ms. Pac-Man - Maze Madness (USA)|.zip|10407980
Mystical Ninja 2 Starring Goemon (Europe) (En,Fr,De)|.zip|13492629
Mystical Ninja Starring Goemon (Europe)|.zip|13326236
Mystical Ninja Starring Goemon (USA)|.zip|13318408
NASCAR 99 (Europe) (En,Fr,De)|.zip|10289322
NASCAR 99 (USA)|.zip|10257278
NASCAR 2000 (USA)|.zip|9672498
NBA Courtside 2 featuring Kobe Bryant (USA)|.zip|14234151
NBA Hangtime (Europe)|.zip|10495680
NBA Hangtime (USA)|.zip|10495739
NBA Jam 99 (Europe)|.zip|11174112
NBA Jam 99 (USA) (Beta) (1998-09-25)|.zip|14784336
NBA Jam 99 (USA)|.zip|11174131
NBA Jam 2000 (Europe)|.zip|14836491
NBA Jam 2000 (USA)|.zip|14833511
NBA Live 99 (Europe) (En,Fr,De,Es,It)|.zip|12294555
NBA Live 99 (USA) (En,Fr,De,Es,It)|.zip|12294505
NBA Live 2000 (Europe) (En,Fr,De,Es)|.zip|13076178
NBA Live 2000 (USA) (En,Fr,De,Es)|.zip|13075649
NBA Pro 98 (Europe)|.zip|10002479
NBA Pro 99 (Europe)|.zip|10383013
NBA Showtime - NBA on NBC (USA)|.zip|14851105
NBA in the Zone '98 (Japan)|.zip|9988542
NBA in the Zone '98 (USA)|.zip|9981128
NBA in the Zone '99 (USA)|.zip|10333858
NBA in the Zone 2 (Japan)|.zip|10397077
NBA in the Zone 2000 (Europe)|.zip|14128130
NBA in the Zone 2000 (USA)|.zip|14126315
NFL Blitz (USA)|.zip|13762733
NFL Blitz - Special Edition (USA)|.zip|14555154
NFL Blitz 2000 (USA) (Rev 1)|.zip|14395416
NFL Blitz 2000 (USA)|.zip|14395142
NFL Blitz 2001 (USA)|.zip|14475103
NFL QB Club 2001 (USA)|.zip|10880961
NFL Quarterback Club 98 (Europe)|.zip|7905526
NFL Quarterback Club 98 (USA)|.zip|7889185
NFL Quarterback Club 99 (Europe)|.zip|11584329
NFL Quarterback Club 99 (USA)|.zip|11584290
NFL Quarterback Club 2000 (Europe)|.zip|11244701
NFL Quarterback Club 2000 (USA)|.zip|11253500
NHL 99 (Europe) (En,De,Sv,Fi)|.zip|11528986
NHL 99 (USA)|.zip|11528869
NHL Blades of Steel '99 (USA)|.zip|9292312
NHL Breakaway 98 (Europe)|.zip|11376867
NHL Breakaway 98 (USA)|.zip|11380062
NHL Breakaway 99 (Europe)|.zip|9921028
NHL Breakaway 99 (USA)|.zip|9828370
NHL Pro 99 (Europe)|.zip|9275154
Nacho 64 (World) (Auto Demo) (Unl)|.zip|654061
Nagano Winter Olympics '98 (Europe)|.zip|9874909
Nagano Winter Olympics '98 (USA)|.zip|9874503
Namco Museum 64 (USA)|.zip|3059370
Neon Genesis Evangelion (Japan)|.zip|24492446
New Tetris, The (Europe)|.zip|10188081
New Tetris, The (USA) (LodgeNet)|.zip|10187633
New Tetris, The (USA)|.zip|10187499
Nightmare Creatures (USA)|.zip|11566440
Nintama Rantarou 64 Game Gallery (Japan)|.zip|3031708
Nintendo 64 Modem (Japan) (Add-on)|.zip|1581719
Nintendo All-Star! Dairantou Smash Brothers (Japan)|.zip|10560810
Nuclear Strike 64 (Europe) (En,Fr)|.zip|18409695
Nuclear Strike 64 (Germany) (1999-11-17) (Beta)|.zip|18398560
Nuclear Strike 64 (Germany)|.zip|18404632
Nuclear Strike 64 (USA) (1999-09-21) (Beta)|.zip|18303582
Nuclear Strike 64 (USA) (Beta) (Earlier)|.zip|20361306
Nuclear Strike 64 (USA)|.zip|18298533
Nushi Zuri 64 (Japan) (Rev 1)|.zip|11738868
Nushi Zuri 64 (Japan)|.zip|11738704
Nushi Zuri 64 - Shiokaze ni Notte (Japan)|.zip|16042280
O.D.T. (Europe) (En,Fr,De,Es,It) (Proto)|.zip|13680219
O.D.T. (USA) (En,Fr,Es) (Proto)|.zip|13657604
Off Road Challenge (Europe)|.zip|8006195
Off Road Challenge (USA)|.zip|8006174
Ogre Battle 64 - Person of Lordly Caliber (Japan) (Rev 1) (Wii Virtual Console)|.zip|35247029
Ogre Battle 64 - Person of Lordly Caliber (Japan) (Rev 1)|.zip|35247014
Ogre Battle 64 - Person of Lordly Caliber (USA) (Rev 1)|.zip|35239481
Ogre Battle 64 - Person of Lordly Caliber (USA)|.zip|35240827
Ogre Battle 64 - Person of Lordly Caliber (USA, Europe) (Rev 1) (Wii Virtual Console)|.zip|35239668
Olympic Hockey 98 (Europe) (En,Fr,De,Es)|.zip|5852183
Olympic Hockey 98 (Japan)|.zip|5840606
Olympic Hockey 98 (USA)|.zip|5837410
Onegai Monsters (Japan)|.zip|13363410
Operation WinBack (Europe) (En,Fr,De,Es,It)|.zip|11036468
PD Ultraman Battle Collection 64 (Japan)|.zip|18281329
PGA European Tour (USA)|.zip|14040016
PGA European Tour Golf (Europe) (En,De) (Version B.29) (Beta)|.zip|14065446
PGA European Tour Golf (Europe) (En,Fr,De,Es,It)|.zip|14069297
Pachinko 365 Nichi (Japan)|.zip|8923228
Paper Mario (Europe) (En,Fr,De,Es)|.zip|23653729
Paper Mario (USA) (LodgeNet)|.zip|36363343
Paper Mario (USA)|.zip|22583457
Paperboy (Europe)|.zip|6788297
Paperboy (USA)|.zip|6788208
Parlor! Pro 64 - Pachinko Jikki Simulation Game (Japan)|.zip|7534905
Penny Racers (Europe)|.zip|2525170
Penny Racers (USA)|.zip|2525606
Perfect Dark (Europe) (2000-04-26) (Debug)|.zip|30181076
Perfect Dark (Europe) (En,Fr,De,Es,It)|.zip|30186620
Perfect Dark (Japan)|.zip|30241289
Perfect Dark (USA) (2000-03-22) (Debug)|.zip|29676306
Perfect Dark (USA) (Rev 1)|.zip|30013952
Perfect Dark (USA)|.zip|30013942
Pikachuu Genki de Chuu (Japan) (Beta)|.zip|9005882
Pikachuu Genki de Chuu (Japan)|.zip|8998360
Pilotwings 64 (Europe) (En,Fr,De)|.zip|5432274
Pilotwings 64 (Japan)|.zip|5079027
Pilotwings 64 (USA) (LodgeNet)|.zip|5432289
Pilotwings 64 (USA)|.zip|5082218
Pokemon Puzzle League (Europe) (Wii Virtual Console)|.zip|16770941
Pokemon Puzzle League (Europe)|.zip|22611070
Pokemon Puzzle League (France) (Wii Virtual Console)|.zip|16635942
Pokemon Puzzle League (France)|.zip|22485647
Pokemon Puzzle League (Germany) (Wii Virtual Console)|.zip|16967039
Pokemon Puzzle League (Germany)|.zip|22814952
Pokemon Puzzle League (USA) (Wii Virtual Console)|.zip|16770794
Pokemon Puzzle League (USA)|.zip|22610884
Pokemon Snap (Australia)|.zip|9096952
Pokemon Snap (Europe)|.zip|9140203
Pokemon Snap (France)|.zip|9064979
Pokemon Snap (Germany)|.zip|9121300
Pokemon Snap (Italy)|.zip|9140379
Pokemon Snap (Japan) (Rev 1) (Wii Virtual Console)|.zip|9225574
Pokemon Snap (Japan)|.zip|9225676
Pokemon Snap (Spain)|.zip|9121704
Pokemon Snap (USA) (LodgeNet)|.zip|9103047
Pokemon Snap (USA)|.zip|9096238
Pokemon Snap Station (USA) (Demo) (Kiosk)|.zip|9099369
Pokemon Stadium (Europe) (Rev 1)|.zip|27656952
Pokemon Stadium (Europe)|.zip|27656103
Pokemon Stadium (France)|.zip|27622541
Pokemon Stadium (Germany)|.zip|27622405
Pokemon Stadium (Italy)|.zip|27802963
Pokemon Stadium (Japan)|.zip|13044513
Pokemon Stadium (Spain)|.zip|27824736
Pokemon Stadium (USA) (Rev 1)|.zip|27676541
Pokemon Stadium (USA) (Rev 2)|.zip|27677127
Pokemon Stadium (USA)|.zip|27664145
Pokemon Stadium 2 (Europe)|.zip|48976027
Pokemon Stadium 2 (France)|.zip|48195310
Pokemon Stadium 2 (Germany)|.zip|48833545
Pokemon Stadium 2 (Italy)|.zip|47542329
Pokemon Stadium 2 (Japan)|.zip|27646587
Pokemon Stadium 2 (Spain)|.zip|48402596
Pokemon Stadium 2 (USA)|.zip|48975651
Pokemon Stadium Kin Gin (Japan)|.zip|47638301
Polaris SnoCross (USA)|.zip|8824425
Power League 64 (Japan)|.zip|6194828
Power Rangers - Lightspeed Rescue (Europe)|.zip|9755691
Power Rangers - Lightspeed Rescue (USA)|.zip|9788470
Power Struggle (World) (N64brew Game Jam 2021) (Aftermarket) (Unl)|.zip|8324569
Powerpuff Girls, The - Chemical X-Traction (USA) (Beta) (2001-09-27)|.zip|3870832
Powerpuff Girls, The - Chemical X-Traction (USA)|.zip|3870788
Premier Manager 64 (Europe)|.zip|11717482
Pro Mahjong Kiwame 64 (Japan) (Rev 1)|.zip|4048160
Pro Mahjong Kiwame 64 (Japan)|.zip|4047795
Pro Mahjong Tsuwamono 64 - Jansou Battle ni Chousen (Japan)|.zip|3688848
Puyo Puyo Sun 64 (Japan)|.zip|6046991
Puyo Puyoon Party (Japan)|.zip|9156293
Puzzle Bobble 64 (Japan)|.zip|7084332
Puzzle Master 64 (World) (Unl)|.zip|9113902
Pyoro 64 (Unknown) (MPAL) (Aftermarket) (Unl)|.zip|844360
Pyoro 64 (Unknown) (NTSC) (Aftermarket) (Unl)|.zip|844358
Pyoro 64 (Unknown) (PAL) (Aftermarket) (Unl)|.zip|844416
Quake (Europe)|.zip|11576029
Quake (USA)|.zip|11575981
Quake II (Europe)|.zip|11780178
Quake II (USA)|.zip|11780608
Quest 64 (USA)|.zip|6999927
RR64 - Ridge Racer 64 (Europe)|.zip|18770649
RR64 - Ridge Racer 64 (USA)|.zip|18768632
RTL World League Soccer 2000 (Germany)|.zip|12374059
Racing Simulation 2 (Germany)|.zip|14491742
Rakugakids (Europe)|.zip|11102104
Rakugakids (Japan)|.zip|11088294
Rally '99 (Japan)|.zip|6738750
Rally Challenge 2000 (USA)|.zip|9902241
Rampage - World Tour (Europe)|.zip|10405698
Rampage - World Tour (USA)|.zip|10405479
Rampage 2 - Universal Tour (Europe)|.zip|10954853
Rampage 2 - Universal Tour (USA) (LodgeNet)|.zip|10954163
Rampage 2 - Universal Tour (USA)|.zip|10954559
Rat Attack! (USA)|.zip|4839067
Rat Attack (Europe) (En,Fr,De,Es,It,Nl)|.zip|4837576
Rayman 2 - The Great Escape (Europe) (En,Fr,De,Es,It)|.zip|19031324
Rayman 2 - The Great Escape (USA) (En,Fr,De,Es,It)|.zip|19030251
Razmoket, Les - La Chasse aux Tresors (France)|.zip|13052221
Razor Freestyle Scooter (USA)|.zip|7191889
Re-Volt (Europe) (En,Fr,De,Es)|.zip|10324701
Re-Volt (USA)|.zip|10324855
Ready 2 Rumble Boxing (Europe) (En,Fr,De)|.zip|30216822
Ready 2 Rumble Boxing (USA) (LodgeNet)|.zip|30287173
Ready 2 Rumble Boxing (USA)|.zip|30205521
Ready 2 Rumble Boxing - Round 2 (USA)|.zip|28798462
Resident Evil 2 (Europe) (En,Fr)|.zip|64398054
Resident Evil 2 (USA) (Rev 1)|.zip|65160025
Resident Evil 2 (USA)|.zip|65159946
Retro Dash (World) (N64brew Game Jam 2020) (Aftermarket) (Unl)|.zip|369708
Riqa (Europe) (Proto) (2000-02-14)|.zip|8341069
Riqa (Europe) (Proto) (2000-03-24)|.zip|9669559
Riqa (Europe) (Proto) (2000-03-27)|.zip|9778241
Riqa (Europe) (Proto) (2000-05-28)|.zip|19339636
Road Rash 64 (Europe) (Beta) (1999-10-12)|.zip|19044770
Road Rash 64 (Europe)|.zip|19045391
Road Rash 64 (USA) (Beta 1)|.zip|19087082
Road Rash 64 (USA) (Beta 2)|.zip|19045047
Road Rash 64 (USA)|.zip|19044212
Roadsters (Europe) (En,Fr,De,Es,It,Nl)|.zip|9043932
Roadsters (USA) (En,Fr,Es)|.zip|9028469
Robot Poncots 64 - 7tsu no Umi no Caramel (Japan)|.zip|11911619
Robotech - Crystal Dreams (USA) (Proto 1)|.zip|8847739
Robotech - Crystal Dreams (USA) (Proto 2)|.zip|7754033
Robotron 64 (Europe)|.zip|2446733
Robotron 64 (USA)|.zip|2446718
Rocket - Robot on Wheels (Europe) (Beta) (1999-09-29)|.zip|8535256
Rocket - Robot on Wheels (Europe) (En,Fr,De)|.zip|8388471
Rocket - Robot on Wheels (USA)|.zip|8360321
Rockman Dash - Hagane no Boukenshin (Japan)|.zip|28083600
Ronaldinho's Soccer 64 (Brazil) (Pirate)|.zip|6529386
Rugrats - Die grosse Schatzsuche (Germany)|.zip|13179030
Rugrats - Scavenger Hunt (USA) (Beta) (1999-04-02)|.zip|13229421
Rugrats - Scavenger Hunt (USA)|.zip|12988856
Rugrats - Treasure Hunt (Europe)|.zip|13077737
Rugrats in Paris - The Movie (Europe)|.zip|11379231
Rugrats in Paris - The Movie (USA)|.zip|11375390
Rush 2 - Extreme Racing USA (Europe) (En,Fr,De,Es,It,Nl)|.zip|11404724
Rush 2 - Extreme Racing USA (USA) (LodgeNet)|.zip|11401765
Rush 2 - Extreme Racing USA (USA)|.zip|11375162
S.C.A.R.S. (Europe) (En,Fr,De)|.zip|3815319
S.C.A.R.S. (USA)|.zip|3814830
SD Hiryuu no Ken Densetsu (Japan)|.zip|8720035
SUGGOH (World) (v1.0) (Demo) (N64brew Game Jam 2021) (Aftermarket) (Unl)|.zip|74772
SUGGOH (World) (v1.1) (Demo) (Aftermarket) (Unl)|.zip|74147
Saikyou Habu Shougi (Japan)|.zip|6158334
San Francisco Rush - Extreme Racing (Europe) (En,Fr,De)|.zip|7951715
San Francisco Rush - Extreme Racing (USA) (En,Fr,De) (Rev 1)|.zip|7955256
San Francisco Rush - Extreme Racing (USA) (En,Fr,De)|.zip|7949859
San Francisco Rush 2049 (Europe) (En,Fr,De,Es,It,Nl)|.zip|11366954
San Francisco Rush 2049 (USA)|.zip|11403302
Sand Castle Clamour (World) (N64brew Game Jam 2023) (Aftermarket) (Unl)|.zip|1801220
Sand City (World) (N64brew Game Jam 2023) (Aftermarket) (Unl)|.zip|52840904
Sblobber 64 (World) (N64brew Game Jam 2020) (Aftermarket) (Unl)|.zip|678978
Scooby-Doo! - Classic Creep Capers (Europe)|.zip|10207116
Scooby-Doo! - Classic Creep Capers (USA) (Rev 1)|.zip|10207215
Scooby-Doo! - Classic Creep Capers (USA)|.zip|10207042
Sesame Street - Elmo's Letter Adventure (USA)|.zip|5604718
Sesame Street - Elmo's Number Journey (USA)|.zip|6170721
Shadow Man (Brazil)|.zip|30117505
Shadow Man (Europe) (En,Es,It)|.zip|30282352
Shadow Man (France)|.zip|29801092
Shadow Man (Germany)|.zip|30870287
Shadow Man (USA)|.zip|30137769
Shadowgate 64 - Trials of the Four Towers (Europe) (Es,It)|.zip|13317865
Shadowgate 64 - Trials of the Four Towers (Europe) (Fr,De,Nl)|.zip|13425718
Shadowgate 64 - Trials of the Four Towers (Europe)|.zip|13157138
Shadowgate 64 - Trials of the Four Towers (Japan)|.zip|13356160
Shadowgate 64 - Trials of the Four Towers (USA) (En,Es) (Beta)|.zip|13350515
Shadowgate 64 - Trials of the Four Towers (USA) (En,Es)|.zip|13355983
Shin Nihon Pro Wrestling Toukon Road - Brave Spirits (Japan)|.zip|6427878
Shin Nihon Pro Wrestling Toukon Road 2 - The Next Generation (Japan)|.zip|22746170
Shrunk in the Wash (World) (N64brew Game Jam 2020) (Aftermarket) (Unl)|.zip|60138
Shufflepuck 64 (World) (Aftermarket) (Unl)|.zip|935684
SimCity 2000 (Japan)|.zip|4734046
SimCopter 64 (USA) (Proto) (E3 1997)|.zip|4321705
Simpson Kart 64 (World) (Aftermarket) (Pirate)|.zip|8767226
Slasher Kart 64 (World) (Aftermarket) (Pirate)|.zip|11145807
Slime Heist (World) (N64brew Game Jam 2022) (Aftermarket) (Unl)|.zip|407331
Snobo Kids (Japan)|.zip|4757819
Snow Speeder (Japan)|.zip|5741040
Snowboard Kids (Europe, Australia)|.zip|4797903
Snowboard Kids (USA)|.zip|4795442
Snowboard Kids 2 (Australia)|.zip|11022597
Snowboard Kids 2 (USA)|.zip|11006621
Sonic Wings Assault (Japan)|.zip|5066552
South Park (Brazil)|.zip|13818769
South Park (Europe) (En,Fr,Es)|.zip|13909789
South Park (Germany)|.zip|13889156
South Park (USA)|.zip|14062615
South Park - Chef's Luv Shack (Europe)|.zip|14209434
South Park - Chef's Luv Shack (USA)|.zip|14209414
South Park Rally (Europe) (Beta) (2000-01-08)|.zip|14107831
South Park Rally (Europe) (Beta) (2000-01-17)|.zip|14088252
South Park Rally (Europe)|.zip|14116275
South Park Rally (USA) (Beta) (2000-01-14)|.zip|14114642
South Park Rally (USA) (Beta) (2000-01-27)|.zip|14106763
South Park Rally (USA)|.zip|14115471
Space Dynamites (Japan)|.zip|7525585
Space Invaders (USA)|.zip|6139619
SpaceStation Silicon Valley (Europe) (En,Fr,De,Es,It,Nl,Pt)|.zip|6386478
SpaceStation Silicon Valley (Japan) (Proto)|.zip|6386668
SpaceStation Silicon Valley (USA) (Rev 1)|.zip|6386436
SpaceStation Silicon Valley (USA)|.zip|6379431
Spacer (World) (Unl)|.zip|742048
Spider-Man (USA)|.zip|28795082
Spirit Harvest (World) (Demo) (N64brew Game Jam 2022) (Aftermarket) (Unl)|.zip|7934912
Sporting Clays (World) (Demo) (Unl)|.zip|248820
StarCraft 64 (Australia)|.zip|26972069
StarCraft 64 (Germany) (Proto)|.zip|27140758
StarCraft 64 (USA) (Beta)|.zip|26956099
StarCraft 64 (USA)|.zip|26971970
Star Fox 64 (Japan) (Rev 1) (Wii Virtual Console)|.zip|10291758
Star Fox 64 (Japan)|.zip|10274364
Star Fox 64 (USA) (LodgeNet)|.zip|10624521
Star Fox 64 (USA) (Rev 1)|.zip|10618507
Star Fox 64 (USA)|.zip|10608784
Star Soldier - Vanishing Earth (Japan) (En) (Beta) (1998-03-10)|.zip|8947786
Star Soldier - Vanishing Earth (Japan) (En)|.zip|8950346
Star Soldier - Vanishing Earth (USA)|.zip|8945648
Star Twins (Japan)|.zip|29707479
Star Wars - Rogue Squadron (Europe) (En,Fr,De) (Rev 1)|.zip|14441550
Star Wars - Rogue Squadron (Europe) (En,Fr,De)|.zip|14509617
Star Wars - Rogue Squadron (USA) (LodgeNet)|.zip|14511202
Star Wars - Rogue Squadron (USA) (Rev 1)|.zip|14430639
Star Wars - Rogue Squadron (USA)|.zip|14511000
Star Wars - Shadows of the Empire (Europe)|.zip|11822359
Star Wars - Shadows of the Empire (USA) (Aftermarket) (Unl)|.zip|11799382
Star Wars - Shadows of the Empire (USA) (Beta) (1996-10-15)|.zip|11817058
Star Wars - Shadows of the Empire (USA) (Rev 1)|.zip|11818415
Star Wars - Shadows of the Empire (USA) (Rev 2)|.zip|11819032
Star Wars - Shadows of the Empire (USA)|.zip|11818742
Star Wars - Shutsugeki! Rogue Chuutai (Japan)|.zip|14293261
Star Wars - Teikoku no Kage (Japan)|.zip|11818550
Star Wars Episode I - Battle for Naboo (Europe)|.zip|26810784
Star Wars Episode I - Battle for Naboo (USA) (Beta)|.zip|26810999
Star Wars Episode I - Battle for Naboo (USA)|.zip|26810889
Star Wars Episode I - Racer (Europe) (En,Fr,De)|.zip|25531964
Star Wars Episode I - Racer (Japan)|.zip|25529279
Star Wars Episode I - Racer (USA) (Aftermarket) (Unl)|.zip|25505695
Star Wars Episode I - Racer (USA)|.zip|25506603
Starshot - Space Circus Fever (Europe) (En,Fr,De)|.zip|11430360
Starshot - Space Circus Fever (USA) (En,Fr,Es)|.zip|11424547
Stunt Racer 64 (USA)|.zip|10852105
Styx (World) (N64brew Game Jam 2022) (Aftermarket) (Unl)|.zip|3744499
Sub Mare Imperium - Derelict 64 (World) (Proto) (Aftermarket) (Unl)|.zip|278148
Summer's Story (World) (N64brew Game Jam 2023) (Aftermarket) (Unl)|.zip|16966125
Super B-Daman - Battle Phoenix 64 (Japan)|.zip|10474306
Super Bowling (Japan)|.zip|5250904
Super Bowling (USA)|.zip|5269713
Super Mario 64 (Europe) (En,Fr,De)|.zip|6282431
Super Mario 64 (Japan) (Rev 3) (Shindou Edition)|.zip|6216473
Super Mario 64 (Japan)|.zip|5846057
Super Mario 64 (USA) (LodgeNet)|.zip|6226528
Super Mario 64 (USA)|.zip|6236285
Super Robot Spirits (Japan)|.zip|8104450
Super Robot Taisen 64 (Japan)|.zip|23287424
Super Smash Bros. (Australia)|.zip|12534028
Super Smash Bros. (Europe) (En,Fr,De)|.zip|16048298
Super Smash Bros. (USA) (LodgeNet)|.zip|12529278
Super Smash Bros. (USA)|.zip|12528904
Super Snooper Spookers (World) (Proto) (N64brew Game Jam 2022) (Aftermarket) (Unl)|.zip|5885521
Super Speed Race 64 (Japan)|.zip|3017326
Supercross 2000 (Europe) (En,Fr,De)|.zip|14584940
Supercross 2000 (USA)|.zip|14575583
Superman (Europe) (En,Fr,De,Es,It,Nl)|.zip|5201791
Superman (USA) (Beta) (1998-09-06)|.zip|4694594
Superman - The New Superman Aventures (USA) (En,Fr,Es)|.zip|5188958
Susume! Taisen Puzzle Dama - Toukon! Marutama Chou (Japan)|.zip|5958587
Swamp Hero 64 (World) (Proto) (N64brew Game Jam 2022) (Aftermarket) (Unl)|.zip|74348
Swoop 64, The (World) (N64brew Game Jam 2020) (Aftermarket) (Unl)|.zip|8818384
Sydney 2000 (Europe) (Proto)|.zip|25355514
Sydney 2000 (USA) (Proto)|.zip|25355556
TG Rally 2 (Europe)|.zip|10706757
Tamiya Racing 64 (USA) (Proto)|.zip|7894941
Tandem Trouble (World) (Demo) (N64brew Game Jam 2021) (NTSC) (Aftermarket) (Unl)|.zip|451244
Tandem Trouble (World) (Demo) (N64brew Game Jam 2021) (PAL) (Aftermarket) (Unl)|.zip|451304
Tarzan (Europe)|.zip|14844945
Tarzan (France)|.zip|14849168
Tarzan (Germany)|.zip|14842480
Tarzan (USA)|.zip|14755850
Taz Express (Europe) (En,Fr,De,Es,It,Nl)|.zip|10871767
Taz Express (USA) (Proto) (2000-05-15)|.zip|13901590
Tecto (World) (v1.0) (N64brew Game Jam 2020) (Aftermarket) (Unl)|.zip|554399
Tecto (World) (v1.1) (Aftermarket) (Unl)|.zip|554371
Telefoot Soccer 2000 (France)|.zip|12274260
Telocation - Gemini (World) (64Brew Game Jam 2020) (Aftermarket) (Unl)|.zip|2224698
Test 3rd Person Demo (World) (Demo) (N64brew Game Jam 2020) (Aftermarket) (Unl)|.zip|1167750
Tetris (World) (Demo) (Presence of Mind '98) (Unl)|.zip|34654
Tetris 64 (Japan) (En)|.zip|6742290
Tetrisphere (Europe)|.zip|6651882
Tetrisphere (USA)|.zip|6648409
Thornmarked (World) (Demo) (N64brew Game Jam 2020) (NTSC) (Aftermarket) (Unl)|.zip|2090109
Thornmarked (World) (Demo) (N64brew Game Jam 2020) (PAL) (Aftermarket) (Unl)|.zip|2090106
Tic Tac Toe 64 (World) (Aftermarket) (Unl)|.zip|71059
Tigger's Honey Hunt (Europe) (En,Fr,De,Es,It,Nl,Da)|.zip|13078641
Tigger's Honey Hunt (USA)|.zip|12359366
Tiny Nightmare (World) (Demo) (N64brew Game Jam 2022) (Aftermarket) (Unl)|.zip|150267
Tom Clancy's Rainbow Six (Europe)|.zip|14038663
Tom Clancy's Rainbow Six (France)|.zip|14040434
Tom Clancy's Rainbow Six (Germany)|.zip|14033976
Tom Clancy's Rainbow Six (USA)|.zip|14031541
Tom and Jerry in Fists of Furry (Europe) (En,Fr,De,Es,It,Nl)|.zip|8162324
Tom and Jerry in Fists of Furry (USA)|.zip|8155668
Tommy Thunder (USA) (Proto) (1997-10-01)|.zip|2203990
Tonic Trouble (Europe) (Beta)|.zip|9768516
Tonic Trouble (Europe) (En,Fr,De,Es,It)|.zip|10535436
Tonic Trouble (USA) (Rev 1)|.zip|10528458
Tony Hawk's Pro Skater (USA) (Beta)|.zip|12079348
Tony Hawk's Pro Skater (USA) (Rev 1)|.zip|12047738
Tony Hawk's Pro Skater (USA)|.zip|12067727
Tony Hawk's Pro Skater 2 (Europe)|.zip|15372742
Tony Hawk's Pro Skater 2 (USA) (Beta) (2001-04-20)|.zip|17385675
Tony Hawk's Pro Skater 2 (USA) (v012) (Beta) (2001-06-04)|.zip|28592754
Tony Hawk's Pro Skater 2 (USA)|.zip|15372528
Tony Hawk's Pro Skater 3 (USA)|.zip|15127795
Tony Hawk's Skateboarding (Europe)|.zip|12067825
Toon Panic (Japan) (Proto)|.zip|5438649
Top Gear Hyper-Bike (USA) (Beta)|.zip|14688051
Top Gear Hyper-Bike (USA)|.zip|15505631
Top Gear Hyper Bike (Europe)|.zip|15479029
Top Gear Hyper Bike (Japan)|.zip|15525037
Top Gear Overdrive (Europe)|.zip|11894251
Top Gear Overdrive (Japan)|.zip|11894007
Top Gear Overdrive (USA) (Beta)|.zip|11863470
Top Gear Overdrive (USA)|.zip|11888077
Top Gear Rally (Asia) (En)|.zip|5511495
Top Gear Rally (Europe)|.zip|5523796
Top Gear Rally (Japan)|.zip|5551939
Top Gear Rally (USA)|.zip|5519973
Top Gear Rally 2 (Europe) (Beta) (1999-08-31)|.zip|14616732
Top Gear Rally 2 (Europe)|.zip|10933475
Top Gear Rally 2 (Japan)|.zip|10674058
Top Gear Rally 2 (USA) (Beta)|.zip|10692812
Top Gear Rally 2 (USA)|.zip|10692960
Toy Story 2 - Buzz Lightyear to the Rescue! (Europe)|.zip|10039728
Toy Story 2 - Buzz Lightyear to the Rescue! (USA) (Rev 1)|.zip|10038965
Toy Story 2 - Buzz Lightyear to the Rescue! (USA)|.zip|10021990
Toy Story 2 - Buzz l'Eclair a la Rescousse! (France)|.zip|10187074
Toy Story 2 - Captain Buzz Lightyear auf Rettungsmission! (Germany) (Rev 1)|.zip|10064947
Toy Story 2 - Captain Buzz Lightyear auf Rettungsmission! (Germany)|.zip|10064239
Transformers - Beast Wars Metals 64 (Japan)|.zip|7856389
Transformers - Beast Wars Transmetals (USA)|.zip|8935707
Triple Play 2000 (USA)|.zip|13603858
Tsumi to Batsu - Hoshi no Keishousha (Japan)|.zip|25336015
Turok - Dinosaur Hunter (Europe) (Rev 1)|.zip|7585887
Turok - Dinosaur Hunter (Europe) (Rev 2)|.zip|7585892
Turok - Dinosaur Hunter (Europe)|.zip|7585756
Turok - Dinosaur Hunter (Germany) (Rev 1)|.zip|7450218
Turok - Dinosaur Hunter (Germany) (Rev 2)|.zip|7450176
Turok - Dinosaur Hunter (Germany)|.zip|7449993
Turok - Dinosaur Hunter (USA) (Demo) (Kiosk, E3 1997)|.zip|7962426
Turok - Dinosaur Hunter (USA) (Rev 1)|.zip|7585881
Turok - Dinosaur Hunter (USA) (Rev 2)|.zip|7585886
Turok - Dinosaur Hunter (USA)|.zip|7585679
Turok - Legenden des Verlorenen Landes (Germany)|.zip|6168144
Turok - Rage Wars (Europe) (En,Fr,It)|.zip|5768069
Turok - Rage Wars (Europe)|.zip|5769838
Turok - Rage Wars (USA) (Rev 1)|.zip|5638701
Turok - Rage Wars (USA)|.zip|5699321
Turok 2 - Seeds of Evil (Europe) (Demo) (Kiosk)|.zip|9661089
Turok 2 - Seeds of Evil (Europe) (En,Fr,Es,It)|.zip|29246943
Turok 2 - Seeds of Evil (Europe)|.zip|29547086
Turok 2 - Seeds of Evil (Germany)|.zip|27917227
Turok 2 - Seeds of Evil (USA) (Demo) (Kiosk)|.zip|9661083
Turok 2 - Seeds of Evil (USA) (Rev 1)|.zip|29547145
Turok 2 - Seeds of Evil (USA)|.zip|29728550
Turok 3 - Shadow of Oblivion (Europe) (Beta) (2000-05-31)|.zip|27910452
Turok 3 - Shadow of Oblivion (Europe) (Beta) (2000-06-06) [b]|.zip|27723292
Turok 3 - Shadow of Oblivion (Europe) (Beta) (2000-07-10) [b]|.zip|27873558
Turok 3 - Shadow of Oblivion (Europe) (Beta) (2000-07-16T211412)|.zip|27939892
Turok 3 - Shadow of Oblivion (Europe) (Beta) (2000-07-16T220245)|.zip|27955907
Turok 3 - Shadow of Oblivion (Europe) (Beta) (2000-07-18)|.zip|27942635
Turok 3 - Shadow of Oblivion (Europe)|.zip|27940664
Turok 3 - Shadow of Oblivion (USA) (Beta) (2000-05-03)|.zip|21615007
Turok 3 - Shadow of Oblivion (USA) (Beta) (2000-06-26)|.zip|27947991
Turok 3 - Shadow of Oblivion (USA) (Beta) (2000-07-16)|.zip|27939871
Turok 3 - Shadow of Oblivion (USA) (Beta) (2000-07-18)|.zip|27942638
Turok 3 - Shadow of Oblivion (USA)|.zip|27942565
Twintris (World) (Demo) (Presence of Mind '98) (Unl)|.zip|873246
Twisted Edge - Extreme Snowboarding (USA)|.zip|10373530
Twisted Edge - Snowboarding (Europe)|.zip|10349302
Utchan Nanchan no Hono no Challenger - Denryuu Ira Ira Bou (Japan)|.zip|3312413
V-Rally Edition 99 (Europe) (En,Fr,De)|.zip|11465959
V-Rally Edition 99 (Japan)|.zip|7192834
V-Rally Edition 99 (USA)|.zip|7180657
Viewpoint 2064 (Japan) (Proto)|.zip|9956736
Vigilante 8 (Europe)|.zip|7445658
Vigilante 8 (France)|.zip|7406307
Vigilante 8 (Germany)|.zip|7392271
Vigilante 8 (USA)|.zip|7447463
Vigilante 8 - 2nd Offense (Europe)|.zip|11220856
Vigilante 8 - 2nd Offense (USA)|.zip|11221033
Violence Killer - Turok New Generation (Japan)|.zip|28007134
Virtual Chess 64 (Europe) (En,Fr,De,Es,It,Nl)|.zip|2879536
Virtual Chess 64 (USA) (En,Fr,Es) (LodgeNet)|.zip|2880675
Virtual Chess 64 (USA) (En,Fr,Es)|.zip|2879511
Virtual Pool 64 (Europe)|.zip|2481101
Virtual Pool 64 (USA) (LodgeNet)|.zip|2476004
Virtual Pool 64 (USA)|.zip|2481264
Virtual Pro Wrestling 2 - Oudou Keishou (Japan)|.zip|25952680
Virtual Pro Wrestling 64 (Japan)|.zip|11301142
Voidblade (World) (N64brew Game Jam 2021) (Aftermarket) (Unl)|.zip|7551223
WCW-nWo Revenge (Europe)|.zip|12069391
WCW-nWo Revenge (USA)|.zip|12072504
WCW Backstage Assault (USA)|.zip|26877892
WCW Mayhem (Europe)|.zip|13303021
WCW Mayhem (USA)|.zip|13282713
WCW Nitro (USA)|.zip|7763707
WCW vs. nWo - World Tour (Europe)|.zip|8145007
WCW vs. nWo - World Tour (USA) (Rev 1)|.zip|8145048
WCW vs. nWo - World Tour (USA)|.zip|8144785
WWF Attitude (Europe)|.zip|30714665
WWF Attitude (Germany)|.zip|30714710
WWF Attitude (USA)|.zip|30714680
WWF No Mercy (Europe) (Rev 1)|.zip|25911467
WWF No Mercy (Europe)|.zip|25911948
WWF No Mercy (USA) (Beta) (2000-06-xx)|.zip|19510128
WWF No Mercy (USA) (Beta) (2000-07-19)|.zip|23866840
WWF No Mercy (USA) (Beta) (2000-08-xx)|.zip|22142025
WWF No Mercy (USA) (Beta) (2000-09-11)|.zip|25907858
WWF No Mercy (USA) (Rev 1)|.zip|25911528
WWF No Mercy (USA)|.zip|25911818
WWF War Zone (Europe)|.zip|11345103
WWF War Zone (USA)|.zip|11344744
WWF WrestleMania 2000 (Europe)|.zip|22365302
WWF WrestleMania 2000 (Japan)|.zip|22393963
WWF WrestleMania 2000 (USA)|.zip|22365198
Waialae Country Club - True Golf Classics (Europe) (Rev 1)|.zip|14640018
Waialae Country Club - True Golf Classics (Europe)|.zip|14639730
Waialae Country Club - True Golf Classics (USA) (Rev 1)|.zip|14639761
Waialae Country Club - True Golf Classics (USA)|.zip|14640334
War Gods (Europe)|.zip|10782881
War Gods (USA)|.zip|10782150
Wave Race 64 - Kawasaki Jet Ski (Europe) (En,De)|.zip|6285553
Wave Race 64 - Kawasaki Jet Ski (Japan) (Rev 1)|.zip|6173780
Wave Race 64 - Kawasaki Jet Ski (Japan) (Rev 2) (Shindou Edition)|.zip|6235884
Wave Race 64 - Kawasaki Jet Ski (Japan)|.zip|6339175
Wave Race 64 - Kawasaki Jet Ski (USA) (LodgeNet)|.zip|6154665
Wave Race 64 - Kawasaki Jet Ski (USA) (Rev 1)|.zip|6155852
Wave Race 64 - Kawasaki Jet Ski (USA)|.zip|6155817
Wayne Gretzky's 3D Hockey '98 (Europe) (En,Fr,De,Es)|.zip|7299200
Wayne Gretzky's 3D Hockey '98 (USA)|.zip|7217159
Wayne Gretzky's 3D Hockey (Europe) (En,Fr,De,Es)|.zip|7108604
Wayne Gretzky's 3D Hockey (Japan)|.zip|7139884
Wayne Gretzky's 3D Hockey (USA) (Rev 1)|.zip|7123043
Wayne Gretzky's 3D Hockey (USA)|.zip|7122381
Wetrix (Europe) (En,Fr,De,Es,It,Nl)|.zip|5298395
Wetrix (Japan)|.zip|2958001
Wetrix (USA) (En,Fr,De,Es,It,Nl)|.zip|5298389
Whack 'n' Roll (USA) (v0.8.2) (Beta) (1998-02-05)|.zip|1293040
Wheel of Fortune (USA)|.zip|2235107
Wide-Boy64 AGB (World) (v0.00b) (Beta)|.zip|136790
Wide-Boy64 AGB (World) (v0.02c)|.zip|63277
Wide-Boy64 AGB (World) (v0.04c)|.zip|64552
Wide-Boy64 CGB (World) (v1.02)|.zip|82446
Wild Choppers (Japan)|.zip|5736710
Wildwaters (USA) (1999-06-15) (Proto)|.zip|10512448
WinBack (Japan) (Rev 1)|.zip|10872797
WinBack (Japan)|.zip|10872718
WinBack - Covert Operations (USA)|.zip|10876708
Wipeout 64 (Europe) (Beta)|.zip|8455442
Wipeout 64 (Europe)|.zip|6034162
Wipeout 64 (USA)|.zip|6034467
Wizard of the Board (World) (N64brew Game Jam 2021) (NTSC) (Aftermarket) (Unl)|.zip|2800202
Wizard of the Board (World) (N64brew Game Jam 2021) (PAL) (Aftermarket) (Unl)|.zip|2800197
Wizard of the Board - Sicko Mode (World) (Aftermarket) (Unl)|.zip|2838003
Wonder Project J2 - Koruro no Mori no Jozet (Japan)|.zip|6071939
World Cup 98 (Europe) (En,Fr,De,Es,It,Nl,Sv,Da)|.zip|11113848
World Cup 98 (USA) (En,Fr,De,Es,It,Nl,Sv,Da)|.zip|11114412
World Driver Championship (Europe) (En,Fr,De,Es,It)|.zip|14616267
World Driver Championship (USA)|.zip|14589630
Worms Armageddon (Europe) (En,Fr,De,Es,It,Nl)|.zip|9594942
Worms Armageddon (USA) (En,Fr,Es) (Aftermarket) (Unl)|.zip|9571375
Worms Armageddon (USA) (En,Fr,Es)|.zip|9571329
X'treme Roller (USA) (Proto)|.zip|1110173
Xena - Warrior Princess - The Talisman of Fate (Europe)|.zip|10340303
Xena - Warrior Princess - The Talisman of Fate (USA)|.zip|10345321
Xplorer 64 (Germany) (v1.067) (Unl)|.zip|120000
Yakouchuu II - Satsujin Kouro (Japan)|.zip|29582160
Yeti3D Pro (World) (Aftermarket) (Unl)|.zip|1958094
Yoshi's Story (Europe) (En,Fr,De)|.zip|9647584
Yoshi's Story (USA) (En,Ja) (LodgeNet)|.zip|9654590
Yoshi's Story (USA) (En,Ja)|.zip|9606291
Yoshi Story (Japan)|.zip|9442830
Yuke Yuke!! Trouble Makers (Japan)|.zip|5943025
ZZ Gunner (World) (N64brew Game Jam 2021) (Aftermarket) (Unl)|.zip|1366068
Zelda no Densetsu - Mujura no Kamen (Japan) (GameCube)|.zip|27462702
Zelda no Densetsu - Mujura no Kamen (Japan) (Rev 1)|.zip|28143362
Zelda no Densetsu - Mujura no Kamen (Japan)|.zip|28142909
Zelda no Densetsu - Toki no Ocarina (Japan) (GameCube, Zelda Collection)|.zip|26456132
Zelda no Densetsu - Toki no Ocarina (Japan) (Rev 1)|.zip|26565945
Zelda no Densetsu - Toki no Ocarina (Japan) (Rev 2)|.zip|26505964
Zelda no Densetsu - Toki no Ocarina (Japan)|.zip|26564895
Zelda no Densetsu - Toki no Ocarina GC (Japan) (GameCube)|.zip|26455984
Zelda no Densetsu - Toki no Ocarina GC Ura (Japan) (GameCube)|.zip|26453566
Zool - Majuu Tsukai Densetsu (Japan)|.zip|8096621
[BIOS] Nintendo 64 - PIF (Brazil)|.zip|1436
[BIOS] Nintendo 64 - PIF (Europe)|.zip|1436
[BIOS] Nintendo 64 - PIF (Japan, USA)|.zip|1442
